id_street;street;id_key_access
1;1-й Неопалимовский переулок;1
2;1-й Смоленский переулок;2
3;Бурденко;3
4;Малый Новопесковский переулок;4
5;Новоконюшенный переулок;5
6;Панфиловский переулок;6
7;Плющиха;7
8;Проточный переулок;8
9;Ростовская наб.;9
10;6-й Ростовский переулок;10
11;Ружейный переулок;11
12;Серпов переулок;12
13;Смоленская набережная;13
14;Смоленская площадь;14
15;Смоленская;15
16;Смоленская-Сенная площадь;16
17;Смоленский бульвар;17
18;Земледельческий переулок;18
19;1-й Вражский переулок;19
20;1-й переулок Тружеников;20
21;Прямой переулок;21
22;Большой Саввинский переулок;22
23;2-й Неопалимовский переулок;23
24;3-й Неопалимовский переулок;24
25;4-й Ростовский переулок;25
26;Большая Дмитровка;26
27;Большой Гнездниковский переулок;27
28;Брюсов переулок;28
29;Дегтярный переулок;29
30;Газетный переулок;30
31;Глинищевский переулок;31
32;Камергерский переулок;32
33;Козицкий переулок;33
34;Леонтьевский переулок;34
35;Петровка;35
36;Петровский переулок;36
37;Столешников переулок;37
38;Страстной бульвар;38
39;Тверская;39
40;Тверской бульвар;40
41;Пушкинская площадь;41
42;Тверская площадь;42
43;Вознесенский переулок;43
44;Малый Гнездниковский переулок;44
45;Большой Девятинский переулок;45
46;Дружинниковская;47
47;Глубокий переулок;48
48;Климашкина;49
49;Красная Пресня;50
50;Краснопресненская набережная;51
51;Малая Грузинская;52
52;Николаева;53
53;Новинский бульвар;54
54;Рочдельская;55
55;Садовая-Кудринская;56
56;Волков переулок;57
57;Заморенова;58
58;Зоологическая;59
59;Зоологический переулок;60
60;Большой Предтеченский переулок;61
61;Конюшковская;62
62;Новинский переулок;63
63;Верхний Предтеченский переулок;64
64;Новопресненский переулок;65
65;2-й Красногвардейский проезд;66
66;Кудринская площадь;68
67;1812 года;69
68;Большая Дорогомиловская;70
69;Багрицкого;71
70;Бережковская набережная;72
71;Брянская;73
72;Давыдковская;74
73;Дениса Давыдова;75
74;Дунаевского;76
75;Генерала Ермолова;77
76;Киевская;78
77;Кутузовский проезд;79
78;Кутузовский проспект;80
79;площадь Победы;81
80;Поклонная;82
81;Студенческая;83
82;набережная Тараса Шевченко;84
83;Украинский бульвар;85
84;Платовская;86
85;Раевского;87
86;Минская;88
87;Кутузовский переулок;89
88;2-й Сетуньский проезд;90
89;Багратионовский проезд;91
90;Резервный проезд;92
91;1-й Сетуньский проезд;93
92;Можайский Вал;94
93;Дорогомиловская;95
94;Котельническая набережная;96
95;1-й Спасоналивковский переулок;97
96;2-й Спасоналивковский переулок;98
97;Академика Петровского;99
98;Большая Полянка;100
99;Большая Якиманка;101
100;Бродников переулок;102
101;Донская;103
102;Хавская;104
103;Крымский Вал;105
104;Малаая Калужская;107
105;Малая Полянка;108
106;Малая Якиманка;109
107;Житная;110
108;Калужская площадь;111
109;Шаболовка;112
110;Академика Арцимовича;113
111;Старомонетный переулок;114
112;Коровий Вал;115
113;Крымский Тупик;116
114;2-й Хвостов переулок;117
115;Вешних Вод;118
116;1-й Новокузнецкий переулок;119
117;Большая Ордынка;120
118;Большой Овчинниковский переулок;121
119;Голиковский переулок;122
120;Климентовский переулок;123
121;Лаврушинский переулок;124
122;Малая Ордынка;125
123;Новокузнецкая;126
124;Ордынский тупик;127
125;Овчинниковская набережная;128
126;Озерковская набережная;129
127;Пятницкая;130
128;Руновский переулок;131
129;Садовническая;132
130;Старый Толмачевский переулок;133
131;Вишняковский переулок;134
132;Кадашевская набережная;135
133;Пятницкий переулок;136
134;Малый Толмачевский переулок;138
135;Озерковский переулок;139
136;Архангельский переулок;140
137;Армянский переулок;141
138;Большой Казенный переулок;142
139;Большой Харитоньевский переулок;143
140;Большой Златоустинский переулок;144
141;Чаплыгина;145
142;Чистопрудный бульвар;146
143;Девяткин переулок;148
144;Фурманный переулок;149
145;Гусятников переулок;150
146;Казарменный переулок;151
147;Хохловский переулок;152
148;Колокольников переулок;153
149;Колпачный переулок;154
150;Костянский переулок;155
151;Кривоколенный переулок;156
152;Кустарев переулок;157
153;Лубянский проезд;158
154;Луков переулок;159
155;Лялин переулок;160
156;Малый Казенный переулок;161
157;Малый Трехсвятительский переулок;162
158;Макаренко;163
159;Маросейка;164
160;Машкова;165
161;Милютинский переулок;166
162;Мясницкая;167
163;Огородной Слободы переулок;168
164;Певческий переулок;169
165;Подсосенский переулок;170
166;Покровка;171
167;Покровский бульвар;172
168;Потаповский переулок;173
169;Просвирин переулок;174
170;Солянка;175
171;Сретенский бульвар;176
172;Старосадский переулок;177
173;Сверчков переулок;178
174;Уланский переулок;179
175;Яковоапостольский переулок;180
176;Даев переулок;181
177;Малый Харитоньевский переулок;182
178;Серебряническая набережная;183
179;Рыбников переулок;184
180;Большой Спасоглинищевский переулок;185
181;Забелина;186
182;Малый Кисельный переулок;187
183;Дурасовский переулок;188
184;Большой Николоворобинский переулок;189
185;Петроверигинский переулок;190
186;Обуха переулок;191
187;Боярский переулок;192
188;Варсонофиевский переулок;193
189;Жуковского;194
190;Большой Трехсвятительский переулок;195
191;Ананьевский переулок;196
192;Большая Переяславская;197
193;Большой Сергиевский переулок;198
194;Большая Спасская;199
195;Большая Сухаревская площадь;200
196;Большой Сухаревский переулок;201
197;Ботанический переулок;202
198;Докучаев переулок;203
199;Гиляровского;204
200;Грохольский переулок;205
201;Малая Сухаревская площадь;206
202;проспект Мира;207
203;Олимпийский проспект;208
204;Последний переулок;209
205;Протопоповский переулок;210
206;Пушкарев переулок;211
207;Садовая-Сухаревская;212
208;Селиверстов переулок;213
209;Сретенка;214
210;Трифоновская;215
211;переулок Васнецова;216
212;Щепкина;218
213;Большой Головин переулок;219
214;Банный переулок;220
215;переулок Печатников;221
216;Глинистый переулок;222
217;Средняя Переяславская;223
218;Астраханский переулок;224
219;Мещанская;225
220;Большой Балканский переулок;226
221;Переяславская;227
222;Дмитрия Ульянова;228
223;Доватора;229
224;Довженко;230
225;Дружбы;231
226;площадь Гагарина;232
227;Губкина;233
228;Косыгина;234
229;Крупской;235
230;Ломоносовский проспект;237
231;Марии Ульяновой;238
232;Мичуринский проспект;239
233;Мосфильмовская;240
234;Панферова;241
235;Пудовкина;243
236;Стасовой;244
237;Строителей;245
238;Университетский проспект;246
239;Вавилова;247
240;проспект Вернадского;248
241;Академика Зелинского;249
242;5-й Донской проезд;250
243;Фотиевой;251
244;2-й Мосфильмовский переулок;252
245;Пырьева;253
246;Орджоникидзе;254
247;проспект 60-летия Октября;255
248;Молодежная;256
249;Улофа Пальме;257
250;Ферсмана;258
251;Академика Ильюшина;259
252;Беговая аллея;260
253;Боткинский проезд;261
254;Черняховского;262
255;Красноармейская;264
256;Ленинградский проспект;265
257;Расковой;266
258;Острякова;267
259;Петровско-Разумовский проезд;268
260;Старый Зыковский проезд;269
261;Усиевича;270
262;Верхняя Масловка;271
263;1-й Боткинский проезд;272
264;Викторенко;273
265;1-я Аэропортовская;274
266;Верхняя;275
267;2-й Боткинский проезд;276
268;5-я Ямского Поля;277
269;Константина Симонова;278
270;Лизы Чайкиной;279
271;Петровско-Разумовская аллея;280
272;8 Марта;281
273;Мирской переулок;282
274;Мишина;283
275;Степана Супруна;284
276;Планетная;285
277;Полтавская;286
278;2-я Фрунзенская;287
279;3-я Фрунзенская;288
280;Большая Пироговская;289
281;Ефремова;290
282;Фрунзенская набережная;291
283;Хамовнический Вал;292
284;Хользунов переулок;293
285;Комсомольский проспект;294
286;Кооперативная;295
287;Льва Толстого;296
288;Мансуровский переулок;297
289;Несвижский переулок;298
290;Оболенский переулок;299
291;Тимура Фрунзе;300
292;Усачева;301
293;Языковский переулок;302
294;Зубовская площадь;303
295;Зубовский бульвар;304
296;Зубовский проезд;305
297;Пуговишников переулок;306
298;1-я Фрунзенская;307
299;Малая Пироговская;308
300;Олсуфьевский переулок;309
301;Дашков переулок;310
302;Большой Чудов переулок;311
303;Серафимовича;312
304;Загородный комплекс "Чайка";313
305;Аксинино;314
306;Глухово;315
307;Барвиха;316
308;Дмитровское;317
309;Золотые Ключи;318
310;Горки 6;319
311;Ильинский;320
312;Калужское шоссе;321
313;Химки;322
314;Кратово;323
315;Крылатское коттеджи;324
316;Кусково;325
317;Лаврюшино;326
318;Ленинградское шоссе;327
319;Малаховка (10 км. от МКАД);328
320;Мамонтовка;329
321;Минское шоссе;330
322;Немчиновка;331
323;Николина Гора;332
324;Новопеределкино;333
325;Новорижское шоссе;334
326;Новорижское шоссе;335
327;Овчинниково, Истра;336
328;Переделкино;337
329;Перловская;338
330;Рублевское шоссе;339
331;Птичное;340
332;Рублево-Успенское шоссе;342
333;Рублево-Успенское шоссе;343
334;Серебряный Бор;344
335;Симферопольское шоссе;345
336;Сколково;346
337;Сетунь;347
338;Томилино;348
339;Ватутинка;349
340;Володино, 20 км.;350
341;Жуковкa;352
342;Некрасовка;356
343;Челюскинская;358
344;Родники;359
345;Здравница;360
346;Отдых;362
347;Нежинская;363
348;Круглое озеро;364
349;Лесной Городок;365
350;Апрелевка;366
351;Грин Хаус Десна;367
352;Архангельское;368
353;Егорово;369
354;Заборье;370
355;Левково;371
356;Руза;372
357;Загородный комплекс "Росинка";373
358;Крекшино;374
359;Пятницкое шоссе;376
360;Дубки;377
361;Поселок Художников на Соколе;378
362;Новь;380
363;Истринское озеро;381
364;Рублево-Успенское шоссе;382
365;Купавна;384
366;Ново-Дарьино;385
367;Большое Цареево;386
368;Минское шоссе;387
369;Опалиха;388
370;Минское шоссе;389
371;Новости;390
372;Гусарино;391
373;Солослово;392
374;Заречье;393
375;Комплекс ВТО;394
376;Горки 2;395
377;Трубочеевка;396
378;Боровское шоссе;397
379;Мамоново;398
380;Горки;399
381;Трудовая;400
382;Горки 11;401
383;Николино Поле;402
384;Дмитровское шоссе;403
385;Кедр;404
386;Новорязанское шоссе;405
387;Ольгино;406
388;Звенигород;407
389;Семивраги;408
390;Ямонтово;410
391;Рассудово;411
392;Мещерский;412
393;Молоденово;413
394;Тарасовка;414
395;Красная Пахра;415
396;Моженки;417
397;Фрунзевец;418
398;Сходня;419
399;Шаганино;420
400;Заветы Ильича;421
401;Картино;422
402;Новогорск;423
403;Черкизово;424
404;Монино;425
405;Астория-1;426
406;Ильинское;427
407;Сосны;428
408;Снегири, 20 км.;429
409;Ярославское шоссе;430
410;Румянцевое;431
411;Власово;432
412;Александровка;433
413;Куркино;434
414;Вороново;435
415;Звягино;436
416;Гжель;437
417;Жавороки;438
418;Семенково;439
419;Петрово-Дальнее;440
420;Нахабино;441
421;Верхнее Мячиково;442
422;Абрамцево;443
423;Усово;444
424;Успенское;445
425;Годуново;446
426;Рождественно;447
427;Таганково;449
428;Комплекс "Ларина";450
429;Новолосино;451
430;Баковка;452
431;Шульгино;453
432;Расторгуево;454
433;Никольское;455
434;Дедовск;456
435;Калужское шоссе;457
436;Березка;459
437;Софьино;460
438;Салманово;461
439;Шереметьево;462
440;Десна;463
441;Знамя Октября;464
442;Дачная Поляна;465
443;Заозерная;467
444;Колонтаево;468
445;Салтыковка;469
446;Ветеран;470
447;Большое Покровское;472
448;Новорижское шоссе;473
449;Голиково;475
450;Доровское;476
451;Видное;477
452;Подушкино;478
453;Калужское шоссе;479
454;Подлипки;480
455;Брехово;481
456;Чиверево;482
457;Лесная Поляна;483
458;Симферопольское шоссе;484
459;Каширское шоссе;485
460;Дружба;486
461;Светлогорочка;488
462;Николино;489
463;Красногорск;490
464;Внуково;491
465;Славино;492
466;Солнечногорск;493
467;Кокошино;494
468;Раздоры;495
469;Лайково;496
470;Новоникольское;497
471;Шимякино;499
472;Мостовое;500
473;Агропункт;501
474;Завидово;502
475;Рублево-Успенское шоссе;504
476;Домодедово;505
477;Подрясково;507
478;Клязьма;509
479;Рублево-Успенское шоссе;510
480;Николо-Урюпино;511
481;Нагорное-Куркино;512
482;1-й Обыденский переулок;513
483;1-й Зачатьевский переулок;514
484;2-й Обыденский переулок;515
485;Арбат;516
486;Большой Афанасьевский переулок;517
487;Большой Кисловский переулок;518
488;Большой Левшинский переулок;519
489;Большая Молчановка;520
490;Большая Никитская;521
491;Большой Николопесковский переулок;522
492;Большой Ржевский переулок;523
493;Большой Власьевский переулок;524
494;Барыковский переулок;525
495;Чистый переулок;526
496;Денежный переулок;527
497;Гагаринский переулок;528
498;Гоголевский бульвар;529
499;Калашный переулок;530
500;Калошин переулок;531
501;Карманицкий переулок;532
502;Хилков переулок;533
503;Хлебный переулок;534
504;Коробейников переулок;535
505;Кривоарбатский переулок;536
506;Малый Афанасьевский переулок;537
507;Малый Каковинский переулок;538
508;Малый Левшинский переулок;539
509;Малая Молчановка;540
510;Малая Никитская;541
511;Малый Николопесковский переулок;542
512;Малый Власьевский переулок;543
513;Мерзляковский переулок;544
514;Новый Арбат;545
515;Никитский бульвар;546
516;Никитский переулок;547
517;Нижний Кисловский переулок;548
518;Остоженка;549
519;Плотников переулок;551
520;Померанцев переулок;552
521;Поварская;553
522;Пожарский переулок;554
523;Пречистенка;555
524;Пречистенский переулок;556
525;Романов переулок;557
526;Сеченовский переулок;558
527;Скатертный переулок;559
528;Спасопесковский переулок;560
529;Староконюшенный переулок;561
530;Столовый переулок;562
531;Сивцев Вражек переулок;563
532;Трубниковский переулок;564
533;Волхонка;565
534;Еропкинский переулок;566
535;Знаменка;567
536;Малый Знаменский переулок;568
537;2-й Зачатьевский переулок;569
538;Ленивка;570
539;Всеволожский переулок;571
540;Нащокинский переулок;572
541;Кропоткинский переулок;573
542;Средний Кисловский переулок;574
543;Большой Знаменский переулок;575
544;Тройлинский переулок;576
545;Малый Ржевский переулок;577
546;Малый Могильцевский переулок;578
547;Молочный переулок;579
548;Курсовой переулок;580
549;Медвежий переулок;581
550;Лопухинский переулок;582
551;Малый Кисловский переулок;583
552;Борисоглебский переулок;584
553;Средний Николопесковский переулок;585
554;Староваганьковский переулок;586
555;1-я Брестская;587
556;1-я Тверская-Ямская;588
557;1-й Тверской-Ямской переулок;589
558;2-я Брестская;590
559;2-я Тверская-Ямская;591
560;3-я Ямского Поля;592
561;3-я Тверская-Ямская;593
562;4-я Тверская-Ямская;594
563;Александра Невского;595
564;Большая Грузинская;596
565;Большой Кондратьевский переулок;597
566;Большая Садовая;598
567;Большой Тишинский переулок;599
568;Бутырский Вал;600
569;Чаянова;601
570;Фадеева;602
571;Грузинский Вал;603
572;Красина;605
573;Лесная;606
574;Малая Дмитровка;607
575;Малый Тишинский переулок;608
576;Миусская площадь;610
577;Новолесная;611
578;Оружейный переулок;612
579;Правды;613
580;Приютский переулок;614
581;Садовая-Каретная;615
582;Садовая-Триумфальная;616
583;Скаковая;617
584;Средний Тишинский переулок;618
585;Старопименовский переулок;619
586;Тишинская площадь;620
587;Васильевская;621
588;Воротниковский переулок;622
589;Нижняя;623
590;2-й Лесной переулок;624
591;Скаковая аллея;625
592;Гашека;626
593;2-й Тверской-Ямской переулок;627
594;Грузинский переулок;628
595;Угловой переулок;629
596;Большие Каменщики;630
597;Гончарная набережная;631
598;Гончарная;632
599;Краснохолмская набережная;633
600;Народная;634
601;Нижегородская;635
602;Новоспасский переулок;636
603;Таганская;637
604;Воронцовская;638
605;Берников переулок;639
606;Верхняя Радищевская;640
607;Пестовский переулок;641
608;Николоямский переулок;642
609;Марксистская;643
610;Большая Андроньевская;644
611;1-й Гончарный переулок;645
612;Гвоздева;646
613;Малые Каменщики;647
614;Николоямская набережная;648
615;5-ый Котельнический переулок;649
616;Большая Коммунистическая;650
617;Берниковская набережная;651
618;Большой Факельный переулок;652
619;Яузская набережная;653
620;Большой Рогожский переулок;654
621;Верхняя Хохловка;655
622;1-й Басманный переулок;656
623;Большой Козловский переулок;657
624;Каланчевская;658
625;Красные Ворота;659
626;Новая Басманная;660
627;Орликов переулок;661
628;Садовая-Черногрязская;662
629;Садовая-Спасская;663
630;Новорязанская;664
631;Скорняжный переулок;665
632;Ольховская;666
633;Хомутовский тупик;667
634;Академика Сахарова;668
635;Хоромный тупик;669
636;1-я Миусская;670
637;1-й Самотечный переулок;671
638;1-й Волконский переулок;672
639;2-й Колобовский переулок;673
640;2-й Волконский переулок;674
641;3-й Самотечный переулок;675
642;4-й Самотечный переулок;676
643;Большой Каретный переулок;677
644;площадь Борьбы;678
645;Чернышевского переулок;679
646;Делегатская;680
647;Долгоруковская;681
648;Достоевского;682
649;Каретный Ряд;683
650;Краснопролетарская;684
651;Лихов переулок;685
652;Новослободская;686
653;Октябрьская;687
654;Палиха;688
655;Петровский бульвар;689
656;Рождественский бульвар;690
657;Садовая-Самотечная;691
658;Самотечная;692
659;Селезневская;693
660;Средний Каретный переулок;694
661;Тихвинская;695
662;Тихвинский переулок;696
663;Троицкая;697
664;Троицкий переулок;698
665;Трубная;699
666;Цветной бульвар;700
667;Цветной бульвар "Палаццо";701
668;Дурова;702
669;2-я Миусская;703
670;Малый Каретный переулок;704
671;Новосущевская;705
672;1-й Колобовский переулок;706
673;1-й Троицкий перулок;707
674;2-й Щемиловский переулок;708
675;2-й Самотечный переулок;709
676;Образцова;710
677;Советской Армии;711
678;Весковский переулок;712
679;Сущевская;713
680;2-й Троицкий переулок;714
681;2-я Песчаная;715
682;Алабяна;716
683;Автозаводская;717
684;Большая Академическая;718
685;Часовая;719
686;Ленинградский пр-т (Сокол);720
687;Онежская;721
688;Песчаная;722
689;Варшавское шоссе;723
690;Волоколамское шоссе;724
691;Выборгская;725
692;Городская;726
693;3-я Песчаная;727
694;Трофимова;728
695;Новопесчанная;730
696;Зои и Александра Космодемьянских;731
697;Сальвадора Альенда;733
698;Чапаевский переулок;734
699;Фестивальная;735
700;Зорге;736
701;Ленинские Горки;737
702;Черепановых проезд;738
703;Космонавта Волкова;739
704;Конаковский проезд;740
705;Панфилова;741
706;2-я Машиностроения;743
707;Ленинская Слобода;744
708;Смольная;745
709;2-й Балтийский переулок;746
710;Балтийская;747
711;Кантемировская;748
712;Матроса Железняка;749
713;Андропова Проспект;750
714;Измайловское шоссе;751
715;Семеновская набережная;752
716;Вольная;753
717;Вельяминовская;754
718;2-я Бухвостова;755
719;Академика Анохина;756
720;Кравченко;757
721;Ленинский проспект;758
722;Лужнецкий переулок;759
723;Маленковская;760
724;Никулинская;762
725;Новаторов;763
726;Озерная;764
727;Погодинская;765
728;Преображенская площадь;766
729;Саввинская набережная;767
730;Удальцова;768
731;Вернадского проспект (дублер);769
732;Большая Черкизовская;770
733;26-ти Бакинских Комиссаров;771
734;Краснопрудная;772
735;Раменки;773
736;Нижняя Красносельская;774
737;Большая Остроумовская;775
738;Колодезная;776
739;Короленко;777
740;Новодевичий проезд;778
741;Учебный переулок;779
742;Охотничья;780
743;Русаковская;781
744;Халтуринская;782
745;Покрышкина;783
746;Лобачевского;784
747;Верхняя Красносельская;785
748;Стромынка ;786
749;Сокольнический Вал;787
750;2-й Полевой переулок;788
751;Погонный проезд;789
752;Академика Капицы;790
753;Академика Королева;791
754;Академика Пилюгина;792
755;Анненская;793
756;Аргуновская;794
757;Ивана Бабушкина;795
758;Гарибальди;796
759;Арманд Инессы;797
760;Кедрова;798
761;Кибальчича;799
762;Маломосковская;800
763;Нахимовский проспект;804
764;Наметкина;805
765;Новочеремушкинская;806
766;Обручева;807
767;Островитянова;808
768;Профсоюзная;810
769;Ракетный бульвар;812
770;Сельскохозяйственная;813
771;Севастопольский проспект;814
772;Царское Село;815
773;Цурюпы;816
774;Воронцовские Пруды;819
775;Верземнека;821
776;Космонавтов;822
777;3-я Мытищинская;823
778;Ярославская;824
779;Бочкова;825
780;Шереметьевская;826
781;Большая Черемушкинская;827
782;Архитектора Власова;828
783;Печорская;830
784;Новоалексеевская;831
785;1-я Останкинская;832
786;Сущевский Вал;833
787;Сергея Эйзенштейна;834
788;Рижский проезд.;836
789;Павла Корчагина;837
790;Кржижановского;838
791;2-я Рощинская;839
792;Большая Тульская;840
793;Даниловская набережная;841
794;Мытная;843
795;Нижняя Масловка;844
796;Немчинова;845
797;Огородный проезд;846
798;Тимирязевская;847
799;Старокачаловская;848
800;Костякова;849
801;2-й Марьиной Рощи;850
802;3-й Павелецкий проезд;851
803;Гончарова;852
804;Руставели;853
805;Бутырская;854
806;Милашенкова;855
807;Декабристов;856
808;Новодмитровская;857
809;Красностуденческий проезд;858
810;2-я Хуторская;859
811;Яблочкова;860
812;Фонвизина;861
813;Ангарская;863
814;Большая Филевская;864
815;Барклая;865
816;Кастанаевская;866
817;Крылатская;867
818;Крылатское;868
819;Крылатские Холмы;869
820;Кунцево;870
821;Малая Филевская;871
822;Можайское шоссе;872
823;Оршанская;874
824;Осенний бульвар;875
825;Вересаева;879
826;Физкультурный проезд;880
827;Славянский бульвар;881
828;Маршала Неделина;882
829;Осенняя;883
830;Молодогвардейская;884
831;Сеславинская;885
832;Звенигородская;886
833;Олеко Дундича;887
834;Свиридова Алексея;888
835;Герасима Курина;889
836;Кунцевская;890
837;Толбухина;891
838;Партизанская;892
839;Филевский бульвар;893
840;Ивана Франко;894
841;Веерная;895
842;проезд Загорского;896
843;Аминьевское шоссе;898
844;Новозаводская;899
845;Пинский проезд;900
846;Горбунова;901
847;Библиотечная;902
848;Волочаевская;903
849;площадь Ильича;904
850;Сергия Радонежского;905
851;площадь Рогожская Застава;906
852;Беговая;908
853;Демьяна Бедного;909
854;Ходынская;910
855;Хорошевское шоссе;911
856;Хорошевский переулок;912
857;Красногвардейский бульвар;913
858;Крутицкий Вал;914
859;Маршала Бирюзова;915
860;Мельникова;916
861;Народного Ополчения;917
862;Нововаганьковский переулок;918
863;Пресненский Вал;919
864;Сергея Макеева;921
865;Шмитовский проезд;922
866;Строгино;923
867;Строгинский бульвар;924
868;Студенецкий переулок;925
869;Таллинская;926
870;Трехгорный Вал;927
871;Звенигородское шоссе;928
872;Маршала Малиновского;929
873;проспект Маршала Жукова;930
874;Карамышевская набережная;931
875;Сиреневый бульвар;932
876;Маршала Конева;933
877;Мантулинская;934
878;Симоновский Вал;935
879;1905 года;936
880;Маршала Василевского;937
881;2-я Звенигородская;938
882;Куусинена;939
883;Врачебный проезд;940
884;Подвойского;941
885;Столярный переулок;942
886;Анатолия Живова;943
887;Аэродромная;944
888;Расплетина;945
889;Большой Симоновский переулок;946
890;Большая Декабрьская;947
891;Крутицкая набережная;948
892;2-й Хорошевский проезд;949
893;Маршала Рыбалко;950
894;Маршала Тухачевского;951
895;Походный проезд;952
896;Полины Осипенко;953
897;Рязанский проспект;954
898;Средний Трехгорный переулок;955
899;Генерала Белобородова;956
900;Ирины Левченко;957
901;Саратовская;958
902;Стройковская;959
903;Зеленодольская;961
904;Большая Серпуховская;962
905;Дербеневская;963
906;Космодамианская набережная;964
907;Павелецкая площадь;965
908;Павла Андреева;966
909;Стремянный переулок;967
910;Татарская;968
911;Валовая;969
912;2-й Щипковский переулок;970
913;1-й Щипковский переулок;971
914;Серпуховской Вал;972
915;Бахрушина;973
916;Большой Строченовский переулок;974
917;Большая Пионерская;975
918;Люсиновская;976
919;2-й Павловский переулок;977
920;2-й Добрынинский переулок;978
921;Дубининская;979
922;Строченовский переулок;980
923;Аптекарский переулок;981
924;Бакунинская;982
925;Елоховский проезд;983
926;Казакова;984
927;Красноказарменная;985
928;Ладожская;986
929;Нижняя Сыромятническая;987
930;Рубцов переулок;988
931;Старая Басманная;989
932;Верхняя Сыромятническая;990
933;Земляной Вал;991
934;Фридриха Энгельса;992
935;Воронцово Поле;993
936;Костомаровский переулок;994
937;Бауманская;995
938;Токмаков переулок;996
939;Рубцовская набережная;997
940;Малый Демидовский переулок;998
941;Старый Басманный переулок;999
942;4-й Сыромятнический переулок;1000
943;Радио;1001
944;Доброслободская;1002
945;Наставнический переулок;1003
946;Большая Бронная;1004
947;Большой Козихинский переулок;1005
948;Большой Палашевский переулок;1006
949;Большой Патриарший переулок;1007
950;Благовещенский переулок;1008
951;Богословский переулок;1009
952;Ермолаевский переулок;1010
953;Гранатный переулок;1011
954;Малая Бронная;1012
955;Малый Козихинский переулок;1013
956;Малый Патриарший переулок;1014
957;Спиридоньевский переулок;1015
958;Спиридоновка;1016
959;Сытинский переулок;1017
960;Трехпрудный переулок;1018
961;Вспольный переулок;1019
962;Сытинский тупик;1020
963;Мамоновский переулок;1021
964;Малый Палашевский переулок;1022
965;Исаковского;1023
966;Спартаковская;1025
967;Каширский проезд;1026
968;Свободный проспект;1027
969;Маршала Захарова;1028
970;Большая Марьинская;1029
971;Кулакова;1030
972;Энтузиастов шоссе;1031
973;Ферганский проезд;1032
974;22-23 Квартал Новых Черемушек;1034
975;Тепличный переулок;1035
976;Ярцевская;1036
977;Егерская;1037
978;Переведеновский переулок;1038
979;7-я Кожуховская;1042
980;Рогожский Вал;1043
981;Рабочая;1044
982;Кутузова;1045
983;Новоглаголево;1046
984;Первомайское;1047
985;Ферганская;1048
986;Щербаковская;1049
987;Мурановская;1051
988;Загородное шоссе;1053
989;Каховка;1054
990;Генерала Глаголева;1056
991;Покровские Холмы;1057
992;Большой Толмачевский переулок;1058
993;Лазоревый проезд;1059
994;Погорельский переулок;1060
995;Генерала Белова;1061
996;Хитровский переулок;1062
997;Генерала Антонова;1063
998;Алтуфьевское шоссе;1064
999;Матвеевская;1065
1000;Нахабино;1066
1001;Маршала Соколовского;1067
1002;Малый Козловский переулок;1068
1003;Большая Татарская;1069
1004;Перовская;1070
1005;Динамовская;1071
1006;Калужское шоссе;1072
1007;Академика Комарова;1073
1008;Кунцево-4;1074
1009;Артамонова;1075
1010;Пенино;1076
1011;Новоподмосковная;1077
1012;Коломенская набережная;1079
1013;Ватутина;1080
1014;Восточная;1081
1015;Михалковская (метро Водный Стадион);1082
1016;Сыромятническая;1083
1017;Горки-10;1084
1018;Тишково;1085
1019;Серебрянка;1087
1020;Привольная;1088
1021;Твардовского;1089
1022;Полет;1091
1023;Горки-8;1092
1024;Бажова;1093
1025;Костикова;1094
1026;Академика Варги;1095
1027;Шверника;1096
1028;Мячковский бульвар;1097
1029;Маршала Мерецкого;1098
1030;Бориса Галушкина;1099
1031;Николин Ручей;1100
1032;г. Суздаль;1102
1033;Шарикоподшипниковская;1103
1034;Малая Переяславская;1104
1035;Мичуринец;1105
1036;Живописная;1106
1037;2-я Ямская;1108
1038;Чигасово;1109
1039;Малый Песчаный переулок;1111
1040;Воскресенское;1112
1041;3-я Парковая;1113
1042;6-й Новоподмосковный переулок;1114
1043;Кировоградская;1115
1044;Симферопольский бульвар;1116
1045;Красносельская;1117
1046;8-я Текстильщиков;1118
1047;1-я Машиностроения;1119
1048;Юннатов;1120
1049;Сокольническая площадь;1121
1050;Хромова;1122
1051;Дорогобужская;1123
1052;1-й Павловский переулок;1124
1053;Беломорская;1125
1054;Авиационная;1126
1055;1-я Дубровская;1127
1056;Подколокольный переулок;1128
1057;Абельмановская;1129
1058;Енисейская;1130
1059;Каргопольская;1131
1060;Больничный переулок;1132
1061;Введенского;1133
1062;Стрельбищенский переулок;1134
1063;Электрический переулок;1135
1064;Барышиха;1138
1065;Большой Дровяной переулок;1142
1066;Малый Дровяной;1143
1067;1-й Монетчиковский переулок;1146
1068;Лучников переулок;1147
1069;Малая Тульская;1149
1070;Флотская;1150
1071;Годовикова;1151
1072;Черноморский бульвар;1152
1073;проспект Одоевского;1153
1074;Академика Волгина;1154
1075;Щипок;1155
1076;Талалихина;1156
1077;Сетуньский проезд;1159
1078;Нижний Кисельный переулок;1161
1079;Ромашково;1163
1080;Касаткина;1164
1081;Внуково;1165
1082;Варварка;1167
1083;5-й Подбельского проезд;1169
1084;Басманный тупик;1170
1085;Глазовский переулок;1171
1086;Серебрянный переулок;1172
1087;1-й Ростовский переулок;1174
1088;Урожай;1175
1089;пос. Надежда;1176
1090;4-й Полевой переулок;1177
1091;Малый Ивановский переулок;1178
1092;2-я Прогонная;1179
1093;Ангелово;1180
1094;Осеченки;1182
1095;Планерная;1184
1096;Мещерский переулок;1188
1097;Верхний Посад;1190
1098;Старобитцевская;1191
1099;Ступинский переулок;1192
1100;Тихомирова;1194
1101;Лестева;1195
1102;Лобня;1196
1103;Чиверево;1198
1104;Вешняковская;1199
1105;Крестовоздвиженский переулок;1200
1106;5-й Монетчиковский переулок;1201
1107;2-й Котельнический переулок;1202
1108;1-й Рижский переулок;1203
1109;Комплекс " Синяя птица";1204
1110;Филипповский переулок;1205
1111;Вадковский переулок;1206
1112;переулок Каменная Слобода;1207
1113;Бакулева;1208
1114;Витебская;1209
1115;Плетениха;1210
1116;Песчаный переулок;1211
1117;Хотча;1212
1118;Бородки;1213
1119;Ельнинская;1214
1120;Дудкино;1215
1121;Маршала Новикова;1216
1122;Всеволода Вишневского;1217
1123;Бутиковский переулок;1218
1124;2-й Казачий переулок;1219
1125;Лобанова;1220
1126;4-я Новокузьминская;1222
1127;Полковая;1223
1128;Слесарный переулок;1224
1129;Рахмановский переулок;1225
1130;Новые горки;1226
1131;Cуздальская;1227
1132;Ларюшино;1228
1133;6-й Рощинский проезд;1229
1134;Шелепихинская набережная;1230
1135;Василисы Кожиной;1231
1136;Новопетровская;1232
1137;Шухова;1233
1138;2-я Квесисская;1234
1139;Болотниковская;1236
1140;Институтский переулок;1237
1141;Маши Порываевой;1239
1142;Коштоянца;1240
1143;Одесская;1241
1144;Госпитальный вал;1242
1145;Перерва;1244
1146;Зацепа;1246
1147;Берзарина;1247
1148;Петрозаводская (метро Речной Вокзал);1248
1149;Краснобогатырская;1249
1150;Малая Остроумовская;1251
1151;Братиславская;1252
1152;Звездный бульвар;1254
1153;Шелепихинское шоссе;1256
1154;4-й Марьиной рощи проезд;1258
1155;Лавочкина;1259
1156;Подкопаевский переулок;1261
1157;Орлово-Давыдовский переулок;1263
1158;Вокзальный переулок;1264
1159;Верхние поля;1265
1160;Башиловская;1266
1161;Волжский бульвар;1268
1162;Саморы Машела;1269
1163;Никулино мкр. 1;1270
1164;Смирновская;1271
1165;Южнобутовская;1272
1166;Литовский бульвар;1273
1167;Уральская;1274
1168;Изюмская;1275
1169;Открытое шоссе;1277
1170;6-й Монетчиковский переулок;1279
1171;Дубнинская;1280
1172;Большая Очаковская;1281
1173;Новомарьинская;1283
1174;Семинарский тупик;1285
1175;Песочный переулок;1286
1176;2-й Крестовский переулок;1287
1177;Коровинское шоссе;1288
1178;Клары Цеткин;1289
1179;Новая;1290
1180;Луговой проезд;1291
1181;Волгоградский проспект;1292
1182;Авиамоторная;1293
1183;Старослободская;1294
1184;Солдатская;1295
1185;Звонарский переулок;1297
1186;Малый Предтеченский;1298
1187;Староватутинский переулок;1299
1188;Рублево-2;1300
1189;3-я Филевская;1301
1190;Товарищеский переулок;1302
1191;Дмитровский проезд;1303
1192;Миклухо-Маклая;1304
1193;Мневники (метро Полежаевская);1305
1194;Сивашская;1306
1195;Зацепский Вал;1307
1196;Валдайский проезд;1308
1197;1-й Тушинский проезд;1310
1198;1-й Казачий переулок;1313
1199;Химкинский бульвар;1315
1200;Менжинская;1316
1201;4-й Верхний Михайловский проезд;1317
1202;Пролетарский проспект;1318
1203;2-я Филевская;1319
1204;Пыжевский переулок;1320
1205;Широкая;1321
1206;Богородский Вал;1323
1207;Конный переулок;1324
1208;Иванетеевская;1325
1209;1-й Кожуховский переулок;1326
1210;Тучковская;1327
1211;13-я Парковая;1328
1212;Малая Коммунистическая;1329
1213;Гороховский переулок;1330
1214;Большой Татарский переулок;1331
1215;2-й Раушский переулок;1332
1216;Светлый проезд;1333
1217;Шлюзовая набережная;1335
1218;Беговой проезд;1336
1219;Бакинская;1338
1220;Мякинино;1339
1221;Алымова;1340
1222;Поздняково;1341
1223;1-й Балтийский переулок;1342
1224;Никоновский переулок;1343
1225;Старопетровский проезд;1344
1226;Херсонская;1345
1227;Высокая;1346
1228;Душинская;1347
1229;Приорова;1348
1230;Перхушково;1349
1231;2-й Сыромятнический переулок;1350
1232;Новопеределкинская;1351
1233;Маршала Тимошенко;1352
1234;Вильнюсская;1353
1235;11-я  Текстильщиков;1354
1236;Береговой проезд;1355
1237;4-й Войковский проезд;1356
1238;Коминтерна;1357
1239;Новоспасское;1359
1240;5-я Сокольническая;1360
1241;1-я Боевская;1361
1242;Серпуховской переулок;1362
1243;Полярная;1363
1244;6-я Кожуховская;1364
1245;Пожарского;1365
1246;Кунцево-2;1367
1247;Галицино;1368
1248;Жулебинский бульвар;1369
1249;Средний Кондратьевский переулок;1371
1250;Старомарьинское шоссе;1372
1251;Гостиничная;1373
1252;Дмитровский переулок;1374
1253;Ремизова;1375
1254;переулок Капранова;1376
1255;Академика Челомея;1377
1256;Дыбенко;1378
1257;Чертановская;1379
1258;Щелковское шоссе;1380
1259;Ксеньинский переулок;1381
1260;Балаклавский проспект;1383
1261;Малый Краснопрудный тупик;1384
1262;Дорохово;1387
1263;Скобелевская;1388
1264;Авиаконструктора Миля;1389
1265;Ясногорская;1390
1266;2-й Павелецкий проезд;1391
1267;Плеханова;1392
1268;Братеевская;1393
1269;2-я Черногрязская;1394
1270;2-й Ботанический проезд;1395
1271;Порядковый переулок;1396
1272;Люблинская;1397
1273;Керамический проезд;1398
1274;Ляпидевского;1399
1275;Мойка;1400
1276;Седова;1402
1277;Захарково;1403
1278;Ставропольская;1405
1279;5-й Войковский проезд;1406
1280;Нагорная;1407
1281;23-24 Квартал Новых Черемушек;1408
1282;5-я Парковая;1409
1283;1-я Пенягинская;1410
1284;Зеленоградская;1411
1285;Шведский тупик;1413
1286;Киевское шоссе;1414
1287;Береговая;1415
1288;Островной проезд;1416
1289;Солдатский переулок;1417
1290;Врубеля;1418
1291;Велозаводская;1419
1292;1-й Новоподмосковный переулок;1420
1293;бульвар Генерала Карбышева;1421
1294;3-й Крутицкий переулок;1422
1295;Ставнический переулок;1424
1296;Севанская;1425
1297;Большая Набережная;1426
1298;Большой Коптевский проезд.;1427
1299;Таганьково 4;1428
1300;Азовская;1431
1301;Тайнинская;1432
1302;Бабаевская;1433
1303;Рублево;1434
1304;Осташковское шоссе;1435
1305;Валуево;1436
1306;Средняя Калитниковская;1437
1307;Серебрянический переулок;1438
1308;Малая Лубянка;1439
1309;3-й Колобовский переулок;1440
1310;Бобров переулок;1441
1311;Барашевский переулок;1442
1312;Большой Путинковский переулок;1443
1313;Малый Путинковский переулок;1444
1314;Крапивенский переулок;1445
1315;Яузский бульвар;1446
1316;Чертольский переулок;1447
1317;Елисеевский переулок;1448
1318;Композиторская;1449
1319;Кремлевская набережная;1450
1320;Лебяжий переулок;1451
1321;Гончарный проезд;1452
1322;Землянский переулок;1453
1323;Новолесной переулок;1454
1324;Авиационный переулок;1455
1325;Жебрунова;1456
1326;Иерусалимская;1457
1327;Поляна;1459
1328;Горьковское шоссе;1460
1329;Горьковское шоссе;1461
1330;Горьковское шоссе;1462
1331;Рублево-Успенское шоссе;1464
1332;Сухонская;1465
1333;переулок Александра Невского;1467
1334;Юлиуса Фучика;1468
1335;Нижний Таганский тупик;1469
1336;Петропавловский переулок;1470
1337;Тетеринский переулок;1471
1338;Малый Спасоглинищевский переулок;1472
1339;Банковский переулок;1473
1340;Успенский переулок;1475
1341;Богданова;1476
1342;Нагатинская набережная;1477
1343;Сколковское шоссе;1478
1344;Нижняя Башиловка;1479
1345;2-й Новокузнецкий переулок;1480
1346;Черниговский переулок;1481
1347;Мясницкий проезд;1482
1348;Зубовская;1483
1349;Свободы;1484
1350;Большая Почтовая;1486
1351;Немчиново;1487
1352;Рогова;1488
1353;Малая Почтовая;1489
1354;3-й Монетчиковский переулок;1490
1355;Россолимо;1491
1356;Беловежская;1492
1357;Николоямская;1493
1358;3-й Обыденский переулок;1494
1359;Алабино;1495
1360;7-й Ростовский переулок;1496
1361;Туристская;1498
1362;Измайловский проспект;1499
1363;11-я Парковая;1500
1364;Грекова;1501
1365;Старокирочный переулок;1502
1366;Днепропетровская;1504
1367;Стрелецкая;1506
1368;Хлыновский тупик;1508
1369;Осташковское шоссе;1509
1370;Нижний Сусальный переулок;1510
1371;Паршина;1511
1372;Калужское шоссе;1512
1373;Белореченская;1513
1374;Первомайская;1514
1375;Криворожская;1515
1376;Инициативная;1516
1377;Гримау;1517
1378;Тихая;1518
1379;Скульптора Мухиной;1519
1380;Новая Башиловка;1521
1381;Выползов переулок;1522
1382;Ташкентская;1523
1383;Домодедовская;1524
1384;Фортунатовская;1525
1385;2-я Владимирская;1527
1386;Борисовские Пруды;1528
1387;проезд Соломенной Сторожки;1529
1388;1-я Новокузьминская;1531
1389;Малая Калитниковская;1532
1390;Малый Сухаревский переулок;1534
1391;Росинка-3;1535
1392;Артюхиной;1536
1393;Староалексеевская;1537
1394;Весковский тупик;1538
1395;Снежная;1539
1396;Гришина;1540
1397;Кленовый бульвар;1541
1398;Шипиловская;1542
1399;Самеда Вургуна;1544
1400;Теплый Стан;1545
1401;Маршала Федоренко;1547
1402;Отрадная;1548
1403;Пулковская;1549
1404;1-я Ямского Поля;1550
1405;Светлогорский проезд;1551
1406;Артековская;1552
1407;Татищева;1553
1408;Дубровская;1554
1409;Байкальская;1555
1410;Лобачика;1556
1411;Цимлянская;1557
1412;Подольских Курсантов;1558
1413;Иваньковское шоссе;1559
1414;15-я Парковая;1561
1415;Международная;1562
1416;Северное Чертаново;1563
1417;Ивановское;1564
1418;Новорижское шоссе;1565
1419;Кожевнический проезд;1566
1420;Новокуркино;1567
1421;Бутлерова;1568
1422;Гастелло;1569
1423;2-я Останкинская;1570
1424;Барвиха-2;1571
1425;1-й Хорошевский проезд;1572
1426;3-я Красногвардейская;1573
1427;3-й Лихачевский переулок;1574
1428;Введенского;1575
1429;Большой Могильцевский переулок;1576
1430;Жулебинский проспект;1577
1431;Новоясеневский проспект;1578
1432;Павелецкая набережная;1579
1433;Айвазовского;1580
1434;3-й Тишинский переулок;1581
1435;Тарутинская;1582
1436;Бойцовая;1583
1437;Лаптьево;1584
1438;2-е Успенское шоссе;1585
1439;Горьковское шоссе;1586
1440;Горьковское шоссе;1587
1441;Рублево-Успенское шоссе ;1588
1442;1-й Коптельский переулок;1590
1443;Новорижское шоссе;1591
1444;Остров Фантазий;1592
1445;Садовническая набережная;1593
1446;Калужское шоссе;1594
1447;Факультетский переулок;1595
1448;Золотые Ключи 2;1597
1449;Пятнитское шоссе;1598
1450;Неглинная;1599
1451;Шломина проезд;1603
1452;Плетешковский переулок;1605
1453;Неманский проезд;1606
1454;Преображенская;1607
1455;Вешки;1608
1456;Репина;1610
1457;Антонова-Овсеенко;1611
1458;Габричевского;1612
1459;Адмирала Макарова;1613
1460;Мусы Джалиля;1615
1461;проспект Буденного;1617
1462;Воронежская;1618
1463;Вековая;1619
1464;Зеленый проспект;1620
1465;Скарятинский переулок;1621
1466;Малая Пионерская;1622
1467;Нелидовская;1623
1468;1-я Ямская;1624
1469;Набережная Новикова-Прибоя;1625
1470;Сходненская;1626
1471;Федеративный проспект;1627
1472;Лодочная;1628
1473;Ходынский бульвар;1629
1474;Луганская;1630
1475;Ялтинская;1631
1476;Кольская;1632
1477;Марксистский переулок;1633
1478;Поликарпова;1635
1479;Старый Гай;1636
1480;Дежнева;1637
1481;Пенягинская;1638
1482;Егорьевское шоссе;1639
1483;Константинова;1640
1484;Армавирская;1641
1485;Чистова;1642
1486;1-й Саратовский проезд;1643
1487;Окская;1644
1488;Новогиреевская;1645
1489;Машкинские Холмы;1646
1490;Дары Природы;1647
1491;Троице Лыково;1648
1492;Юбилейный проспект;1649
1493;Железнодорожная;1650
1494;Московская;1652
1495;Вересковая;1654
1496;Андреевская набережная;1655
1497;Малый Трехгорный переулок;1656
1498;Соловьина Роща;1657
1499;Охотный ряд;1658
1500;Винокурова;1659
1501;Калужское шоссе;1661
1502;Родионовская;1662
1503;4-й Вятский переулок;1664
1504;Большой Конюшковский переулок;1665
1505;1-я Владимирская;1666
1506;Красноярская;1667
1507;2-й Вражский переулок;1668
1508;2-й Тружеников переулок;1669
1509;2-й Новоподмосковный переулок;1671
1510;Октябрьский переулок;1672
1511;Сумской проезд;1673
1512;Фруктовая;1674
1513;Маршала Вершинина;1675
1514;Студеный проезд;1676
1515;2-й Коротчаровский проезд;1677
1516;Новокосинская;1678
1517;Академика Семенова;1680
1518;Рязанское шоссе;1682
1519;Новорижское шоссе;1684
1520;Кунцево-3;1686
1521;Вилиса Лациса;1687
1522;Краснодарская;1688
1523;Сетунь;1689
1524;2-я Радиаторская;1690
1525;3-я Рыбинская;1691
1526;Прокудинский переулок;1692
1527;Станиславского;1693
1528;Череповецкая;1694
1529;Косинская;1695
1530;Генерала Тюленева;1696
1531;Гвардейская;1697
1532;Клинская;1698
1533;Пересветов переулок;1699
1534;Малая Набережная;1700
1535;2-я Синичкина;1701
1536;Ландышевая;1702
1537;Сайкина;1703
1538;1-е Успенское шоссе;1706
1539;Боровское шоссе;1707
1540;Досфлота проезд;1708
1541;Пантелеевская;1709
1542;Кондратюка;1710
1543;Кронштадтский бульвар;1711
1544;Духовской переулок;1712
1545;Горки 7;1713
1546;Налесный переулок;1715
1547;Казанский переулок;1716
1548;Астрадамский проезд;1717
1549;3-я Радиаторская;1718
1550;Лебедянская;1719
1551;2-я Магистральная;1720
1552;2-й Монетчиковский переулок;1721
1553;переулок Красина;1722
1554;Боровая;1723
1555;Шокальского проезд;1724
1556;Псковская;1725
1557;Гризодубовой;1726
1558;Большая Марфинская;1728
1559;Керченская;1729
1560;Зеленоград;1730
1561;Большой Матросский переулок;1731
1562;Павловская;1732
1563;Горьковское шоссе;1733
1564;Осташковское шоссе;1734
1565;Хованская;1735
1566;Константина Царева;1736
1567;1-й Амбулаторный проезд;1737
1568;Алтайская;1738
1569;Посланников переулок;1739
1570;Ащеулов переулок;1740
1571;Малый Головин переулок;1741
1572;Симферопольское шоссе;1742
1573;Радист;1743
1574;Липки;1744
1575;Медиков;1745
1576;1-е Успенское шоссе;1747
1577;Знаменские садки;1748
1578;Яузская;1750
1579;Заречье;1751
1580;Гурьевский проезд;1752
1581;Малая Трубецкая;1754
1582;Олений Вал;1755
1583;Ореховый бульвар;1756
1584;Новорижское шоссе;1757
1585;1-й Красносельский переулок;1758
1586;Шумкина;1759
1587;Сокольническая Слободка;1760
1588;3-й Хорошевский проезд;1761
1589;Екатерины Будановой;1762
1590;Малый Златоустинский переулок;1763
1591;Московская;1764
1592;Ветрова;1765
1593;4-я  Марьиной Рощи;1766
1594;1-й Рощинский проезд;1767
1595;Горьковское шоссе;1768
1596;проезд Березовой Рощи;1769
1597;Минское шоссе;1770
1598;Бабакина;1771
1599;Митинская;1772
1600;3-я Марьиной Рощи;1773
1601;Неделина;1774
1602;площадь Индиры Ганди;1775
1603;Солнечногорская;1776
1604;4-й Новоподмосковный переулок;1777
1605;3-й Кадашевский переулок;1778
1606;Павшинская пойма;1779
1607;Мытищи;1780
1608;1-й Добрынинский переулок;1781
1609;3-й Добрынинский переулок;1782
1610;Будайская;1783
1611;Малая Черкизовская;1784
1612;Уржумская;1785
1613;Шебашевский проезд;1786
1614;Денисовский переулок;1787
1615;9-я Парковая;1788
1616;Героев Панфиловцев;1789
1617;Угличская;1790
1618;17-й проезд Марьиной Рощи;1791
1619;Староволынская;1792
1620;Бускудниковский бульвар;1793
1621;Басманный переулок;1794
1622;Лесной Простор 2;1795
1623;Истринская;1796
1624;Новые Вешки;1798
1625;Путилково;1799
1626;5-я Кожуховская;1800
1627;Полоцкая;1801
1628;Окипной;1802
1629;проспект Героев Сталинграда;1803
1630;Саксагановского;1805
1631;Малая Житомирская;1806
1632;Васильковская;1807
1633;Ярослав Вал;1808
1634;Большая Житомирская;1809
1635;Тургеневская;1810
1636;Жилянская;1811
1637;2-й Гончарный переулок;1813
1638;9-я Рота;1814
1639;Таможенный проезд;1815
1640;Грина;1816
1641;Санникова;1817
1642;Потешная;1818
1643;Новохорошевский проезд;1819
1644;Куркинское шоссе;1820
1645;Ращупкина;1821
1646;Красных Зорь;1822
1647;Солнцевский проспект;1823
1648;Кочновский проезд;1824
1649;Перуновский переулок;1825
1650;Хачатуряна;1826
1651;Авиаконструктора Микояна;1827
1652;Пилота Нестерова;1828
1653;Малый Рогожский переулок;1829
1654;Большая Семеновская;1830
1655;Лефортовский Вал;1831
1656;3-й Сетуньский проезд;1832
1657;Новорязанское шоссе;1833
1658;Адмирала Лазарева;1834
1659;Чонгарский бульвар;1836
1660;Анны Северьяновой;1837
1661;Инженерная;1838
1662;Сосны;1839
1663;Пресненский переулок;1840
1664;Северная;1843
1665;Литвина-Седого;1845
1666;5-я Соколиной Горы;1846
1667;3-я Сокольническая;1848
1668;Юровская;1849
1669;Барболина;1850
1670;Перервинский бульвар;1851
1671;Красного Маяка;1852
1672;Новорижское шоссе;1853
1673;2-я Новоостанкинская;1854
1674;Новокуркинское шоссе;1855
1675;1-й Павелецкий проезд;1856
1676;1-й Стрелецкий переулок;1857
1677;Атарбекова;1858
1678;Васильцовский Стан;1859
1679;Пивченкова;1860
1680;переулок Добролюбова;1861
1681;Беленовский проезд;1862
1682;Новоостаповская;1863
1683;3-й квартал Капотни;1864
1684;Фабрициуса;1865
1685;Ивановская;1867
1686;Спасский тупик;1868
1687;Столетова;1869
1688;Татьяны Макаровой;1870
1689;Саринский проезд;1873
1690;Ильинское;1874
1691;Щукинская;1875
1692;Новинки;1876
1693;Жигулевская;1877
1694;Есенинский бульвар;1878
1695;Сахалинская;1879
1696;Грайвороновская;1881
1697;Комсомольская;1882
1698;Яна Райниса бульвар;1883
1699;Знаменская;1884
1700;Новорогожская;1885
1701;Муравская;1887
1702;Хлобыстова;1888
1703;Симферопольское шоссе;1889
1704;Молостовых;1890
1705;Коптевская;1891
1706;Лобненская;1892
1707;Преображенский Вал;1893
1708;Очаковская;1894
1709;800-летия Москвы;1895
1710;Академика Туполева наб.;1896
1711;4-я Парковая;1897
1712;Буракова;1898
1713;Ковров переулок;1899
1714;Шубинский переулок;1900
1715;Старокаширское шоссе;1901
1716;4-й Добрынинский переулок;1902
1717;Никольский тупик;1903
1718;Котельники;1904
1719;Марьинский парк;1905
1720;Минское шоссе;1906
1721;Горки-9;1909
1722;Новый Зыковский проезд;1910
1723;Кузнецкий Мост;1911
1724;Сумская;1912
1725;Дубровка;1913
1726;Маршала Голованова;1914
1727;Чистяковой;1915
1728;Абрамцевская;1916
1729;Волоколамский проезд;1918
1730;Магнитогорская;1922
1731;Барвихинская;1923
1732;Бирюлевская;1924
1733;Ботаническая;1925
1734;14-я Парковая;1926
1735;Костромская;1927
1736;Лыткаринская;1928
1737;3-я Черепковская;1929
1738;Наташи Ковшовой;1930
1739;Винницкая;1931
1740;Елены Колесовой;1932
1741;Коленчатый переулок;1934
1742;Ивантеевка;1935
1743;Спартаковская площадь;1936
1744;9-я Соколиной Горы;1937
1745;Измайловский проезд;1938
1746;Научный проезд;1939
1747;Кожевническая;1940
1748;Дохтуровский переулок;1942
1749;Попов проезд;1943
1750;Новочеркасский бульвар;1944
1751;Дербеневская набережная;1945
1752;Добролюбова;1946
1753;Изумрудная;1947
1754;Высоковольный проезд;1948
1755;Северный бульвар;1949
1756;Заповедная;1950
1757;Карамышевский проезд;1951
1758;Пржевальского;1952
1759;Амундсена;1953
1760;Москворечье;1954
1761;Нагорный проезд;1955
1762;Маршала Катукова;1956
1763;Воровского;1957
1764;Поречная;1958
1765;Горчакова;1959
1766;Малахитовая;1960
1767;Павшинский бульвар;1961
1768;Эльдорадовский переулок;1962
1769;Саянская;1963
1770;Пречистенская набережная;1964
1771;1-я Хуторская;1965
1772;Новорижское шоссе;1966
1773;Докукина;1967
1774;Дубровский проезд;1969
1775;Палехская;1970
1776;Юрловский проезд;1971
1777;Ереванская;1973
1778;Славянка;1974
1779;Гжатская;1975
1780;Самаринская;1976
1781;Академика Павлова;1977
1782;бульвар Дмитрия Донского;1978
1783;Юных Ленинцев;1979
1784;Белозерская;1980
1785;Калужское шоссе;1981
1786;Ясный проезд;1982
1787;Новгородская;1983
1788;Большой Трехгорный переулок;1984
1789;5-й Красносельский переулок;1985
1790;Кременчугская;1986
1791;Колымажный переулок;1987
1792;Холмогорская;1988
1793;Домодедово;1989
1794;Перекопская;1990
1795;Паустовского;1991
1796;Новорязанское шоссе;1992
1797;Федюково;1993
1798;Пресненская набережная;0
1799;Щетининский переулок;NULL
1800;Соколово-Мещерская;NULL
1801;Трубная площадь;NULL
1802;1-я улица Бебеля;NULL
1803;Вяземская;NULL
1804;Носовихинское шоссе;NULL
1805;Бехтерева;NULL
1806;1-й Краснокурсантский проезд;NULL
1807;Наличная;NULL
1808;Малыгина;NULL
1809;2-й Южнопортовый проезд;NULL
1810;Дубравная;NULL
1811;Никольская;NULL
1812;1-я  Машиностроения;NULL
1813;Корнейчука;NULL
1814;Братская;NULL
1815;проезд Дежнева;NULL
1816;Востряковский проезд;NULL
1817;2-я линия Хорошевского Серебряного Бора;NULL
1818;Мироновская;NULL
1819;Малый Предтеченский переулок;NULL
1820;Спортивный проезд;NULL
1821;1-я Прядильная;NULL
1822;проезд Шокальского;NULL
1823;5-я  Ямского Поля;NULL
1824;Мневники;NULL
1825;Козлова;NULL
1826;Лермонтовский проспект;NULL
1827;Генерала Кузнецова;NULL
1828;3-й Автозаводский проезд;NULL
1829;Россошанский проезд;NULL
1830;Садовники;NULL
1831;Саранская;NULL
1832;Шмидта;NULL
1833;Софьи Ковалевской;NULL
1834;Олимпийская Деревня;NULL
1835;2-я Парковая;NULL
1836;Маршала Кожедуба;NULL
1837;Пестеля;NULL
1838;проезд Серебрякова;NULL
1839;Хабаровская;NULL
1840;Мастеркова;NULL
1841;3-я Владимирская;NULL
1842;Пронская;NULL
1843;2-я Бородинская;NULL
1844;Клочкова;NULL
1845;Игарский проезд;NULL
1846;Воротынская;NULL
1847;1-й Автозаводский проезд;NULL
1848;Миллионная;NULL
1849;Ясеневая;NULL
1850;1-я Мякининская;NULL
1851;Боженко;NULL
1852;Маршала Полубоярова;NULL
1853;10-я  Соколиной Горы;NULL
1854;Высоковольтный проезд;NULL
1855;Тушинская;NULL
1856;Академика Миллионщикова;NULL
1857;Сурикова;NULL
1858;Академика Понтрягина;NULL
1859;Малый Саввинский переулок;NULL
1860;2 Павловский переулок;NULL
1861;Таманская;NULL
1862;Менжинского;NULL
1863;Асеева;NULL
1864;Солнечногорский проезд;NULL
1865;Кипренского;NULL
1866;переулок Сивцев Вражек;NULL
1867;Маршала Катукова (дублер);NULL
1868;3-й Донской проезд;NULL
1869;Ростовская набережная;NULL
1870;Максимова;NULL
1871;3-й проезд Марьиной Рощи;NULL
1872;Верхняя Первомайская;NULL
1873;3-я Институтская;NULL
1874;4-я Гражданская;NULL
1875;Академика Опарина;NULL
1876;Окружной проезд;NULL
1877;3-я  Ямского Поля;NULL
1878;Судостроительная;NULL
1879;Симферопольский проезд;NULL
1880;9-й микрорайон Куркино;NULL
1881;Краснодонская;NULL
1882;Нагорный бульвар;NULL
1883;Живарев переулок;NULL
1884;Шенкурский проезд;NULL
1885;Алма-Атинская;NULL
1886;Курганская;NULL
1887;Академика Бочвара;NULL
1888;Заводской проезд;NULL
1889;бульвар Яна Райниса;NULL
1890;проспект Андропова;NULL
1891;Бескудниковский бульвар;NULL
1892;Ухтомская;NULL
1893;микрорайон Северное Чертаново;NULL
1894;микрорайон Бутово Парк;NULL
1895;Наримановская;NULL
1896;переулок Обуха;NULL
1897;Серпуховский переулок;NULL
1898;проезд Черепановых;NULL
1899;Плющева;NULL
1900;Михалковская;NULL
1901;Гаврикова;NULL
1902;Прибрежный проезд;NULL
1903;Юности;NULL
1904;38-й квартал Юго-Запада;NULL
1905;Россошанская;NULL
1906;Чечерский проезд;NULL
1907;3-й Михалковский переулок;NULL
1908;Александра Солженицына;NULL
1909;Плещеева;NULL
1910;Снайперская;NULL
1911;Турчанинов переулок;NULL
1912;Летчика Бабушкина;NULL
1913;5-й Рощинский проезд;NULL
1914;Серпуховский Вал;NULL
1915;Просторная;NULL
1916;Сосновая аллея;NULL
1917;Первомайская аллея;NULL
1918;2-й Донской проезд;NULL
1919;Рождественская;NULL
1920;Гамалеи;NULL
1921;Лукинская;NULL
1922;Волжский Бульвар квартал 95;NULL
1923;Цюрупы;NULL
1924;Суздальская;NULL
1925;4-я Сокольническая;NULL
1926;Элеваторная;NULL
1927;Петрозаводская;NULL
1928;Малая Ботаническая;NULL
1929;Рословка;NULL
1930;шоссе Энтузиастов;NULL
1931;Ибрагимова;NULL
1932;2-я Сокольническая;NULL
1933;1-я  Ямского Поля;NULL
1934;7-я  Текстильщиков;NULL
1935;2-й Очаковский переулок;NULL
1936;Молокова;NULL
1937;Мусоргского;NULL
1938;Святоозерская;NULL
1939;Тарусская;NULL
1940;Мартыновский переулок;NULL
1941;Малая Калужская;NULL
1942;Академика Виноградова;NULL
1943;Молдагуловой;NULL
1944;2-й Люберецкий проезд;NULL
1945;Вятская;NULL
1946;Кубанская;NULL
1947;3-й Волоколамский проезд;NULL
1948;Чусовская;NULL
1949;Кубинка;NULL
1950;Саляма Адиля;NULL
1951;Борисовский проезд;NULL
1952;Гурьянова;NULL
1953;Самотечная площадь;NULL
1954;проезд Одоевского;NULL
1955;Нижняя Первомайская;NULL
1956;Большой Демидовский переулок;NULL
1957;шоссе Фрезер;NULL
1958;8-я  Соколиной Горы;NULL
1959;Циолковского;NULL
1960;3-й Люберецкий проезд;NULL
1961;Степана Шутова;NULL
1962;Судакова;NULL
1963;Ленинградский проспект (дублер);NULL
1964;2-я  Синичкина;NULL
1965;Чечулина;NULL
1966;Петра Романова;NULL
1967;8-я  Текстильщиков;NULL
1968;Зюзинская;NULL
1969;6-я Парковая;NULL
1970;Донецкая;NULL
1971;переулок Расковой;NULL
1972;Малая Дорогомиловская;NULL
1973;Соловьиная Роща;NULL
1974;1-й Голутвинский переулок;NULL
1975;Тихорецкий бульвар;NULL
1976;Главмосстроя;NULL
1977;Воскресенская;NULL
1978;Подмосковная;NULL
1979;1-й Лесной переулок;NULL
1980;Бестужевых;NULL
1981;Березовая аллея;NULL
1982;Мякининский проезд;NULL
1983;Рижский проезд;NULL
1984;Маршала Баграмяна;NULL
1985;Измайловский бульвар;NULL
1986;6-я Радиальная;NULL
1987;Саперный проезд;NULL
1988;Староватутинский проезд;NULL
1989;Варсонофьевский переулок;NULL
1990;Мичуринский проспект, Олимпийская Деревня;NULL
1991;Голубинская;NULL
1992;4-й Очаковский переулок;NULL
1993;Академика Бакулева;NULL
1994;Газопровод;NULL
1995;Стромынский переулок;NULL
1996;Нарвская;NULL
1997;Кухмистерова;NULL
1998;Борисовская;NULL
1999;Никитинская;NULL
2000;Большой Коптевский проезд;NULL
2001;Затонная;NULL
2002;Ивантеевская;NULL
2003;7-я Парковая;NULL
2004;Перовское шоссе;NULL
2005;Авиаторов;NULL
2006;1-й Нагатинский проезд;NULL
2007;Соловьиный проезд;NULL
2008;проезд Толбухина;NULL
2009;бульвар Маршала Рокоссовского;NULL
2010;Новопесчаная;NULL
2011;Средняя Первомайская;NULL
2012;Тарханская;NULL
2013;Осташковская;NULL
2014;2-я Прядильная;NULL
2015;площадь Красные Ворота;NULL
2016;район Проспект Вернадского;NULL
2017;Рублевское шоссе (дублер);NULL
2018;2-й Красносельский переулок;NULL
2019;Коломенский проезд;NULL
2020;Сальвадора Альенде;NULL
2021;Энергетическая;NULL
2022;10-я Парковая;NULL
2023;6-я  Новые Сады;NULL
2024;проспект Защитников Москвы;NULL
2025;5-я  Соколиной Горы;NULL
2026;проспект Маршала Жукова (дублер);NULL
2027;3-я Карачаровская;NULL
2028;3-я линия Хорошевского Серебряного Бора;NULL
2029;Римского-Корсакова;NULL
2030;Сосновая;NULL
2031;набережная Академика Туполева;NULL
2032;бульвар Матроса Железняка;NULL
2033;1-й Кожуховский проезд;NULL
2034;Калмыков переулок;NULL
2035;Говорова;NULL
2036;Центральный проезд Хорошевского Серебряного Бора;NULL
2037;Рудневка;NULL
2038;Троилинский переулок;NULL
2039;Якиманский переулок;NULL
2040;2-я Бауманская;NULL
2041;Шкулева;NULL
2042;Производственная;NULL
2043;Шепелюгинская;NULL
2044;9-я  Соколиной Горы;NULL
2045;Малая Семеновская;NULL
2046;1-я линия Хорошевского Серебряного Бора;NULL
2047;2-я  Марьиной Рощи;NULL
2048;Самокатная;NULL
2049;Кадырова;NULL
2050;Коккинаки;NULL
2051;Верейская;NULL
2052;4-я линия Хорошевского Серебряного Бора;NULL
2053;4-й Красносельский переулок;NULL
2054;проспект 40 лет Октября;NULL
2055;Детская;NULL
2056;2-я Лыковская;NULL
2057;Лужнецкий проезд;NULL
2058;Старый Петровско-Разумовский проезд;NULL
2059;переулок Огородная Слобода;NULL
2060;2-й Новый переулок;NULL
2061;площадь Земляной Вал;NULL
2062;Волынская;NULL
2063;3-й Cамотечный переулок;NULL
2064;Самаркандский Бульвар квартал 137А;NULL
2065;Новороссийская;NULL
2066;Рублевский проезд;NULL
2067;Ключевая;NULL
2068;3-й Балтийский переулок;NULL
2069;Измайловская площадь;NULL
2070;1-й Очаковский переулок;NULL
2071;Леси Украинки;NULL
2072;проезд Аэропорта;NULL
2073;1-я  Новые Сады;NULL
2074;Кожевнический Вражек;NULL
2075;проезд Ольминского;NULL
2076;3-я Кабельная;NULL
2077;Ломоносовский проспект (дублер);NULL
2078;Напольный проезд;NULL
2079;Писцовая;NULL
2080;Нагатинская;NULL
2081;Штурвальная;NULL
2082;Кусковская;NULL
2083;Дорожная;NULL
2084;Ленская;NULL
2085;Верхняя аллея;NULL
2086;Авиаконструктора Яковлева;NULL
2087;Алымов переулок;NULL
2088;Маршала Савицкого;NULL
2089;Шолохова;NULL
2090;Лазаревский переулок;NULL
2091;Летчика Грицевца;NULL
2092;2-й Автозаводский проезд;NULL
2093;Новохохловская;NULL
2094;Бартеневская;NULL
2095;5-я Магистральная;NULL
2096;Бориса Жигуленкова;NULL
2097;Кашенкин Луг;NULL
2098;Металлургов;NULL
2099;Амурская;NULL
2100;Анадырский проезд;NULL
2101;Комсомольский проспект (дублер);NULL
2102;2-й проезд Марьиной Рощи;NULL
2103;2-я  Бухвостова;NULL
2104;Коломенская;NULL
2105;Маршала Мерецкова;NULL
2106;1-й Новомихалковский проезд;NULL
2107;проезд Стратонавтов;NULL
2108;Мукомольный проезд;NULL
2109;1-й Дачно-Мещерский проезд;NULL
2110;Поляны;NULL
2111;Верещагина;NULL
2112;Дегунинская;NULL
2113;Горлов тупик;NULL
2114;бульвар Адмирала Ушакова;NULL
2115;2-й Кожевнический переулок;NULL
2116;Коновалова;NULL
2117;Липецкая;NULL
2118;Бобруйская;NULL
2119;Алексея Свиридова;NULL
2120;Клязьминская;NULL
2121;Ткацкая;NULL
2122;1-я Парковая;NULL
2123;Большая Косинская;NULL
2124;Колодезный переулок;NULL
2125;Красный Казанец;NULL
2126;Ангелов переулок;NULL
2127;Отрадный проезд;NULL
2128;2-я  Машиностроения;NULL
2129;Сыромятнический проезд;NULL
2130;проезд Кадомцева;NULL
2131;Федора Полетаева;NULL
2132;Спартаковский переулок;NULL
2133;Рокотова;NULL
2134;Сыромятническая набережная;NULL
2135;проезд Русанова;NULL
2136;проезд Донелайтиса;NULL
2137;площадь Тверская Застава;NULL
2138;Таганская площадь;NULL
2139;Верхоянская;NULL
2140;Бунинская Аллея;NULL
2141;Союзный проспект;NULL
2142;3-й Митинский переулок;NULL
2143;Малый Татарский переулок;NULL
2144;Хвалынский бульвар;NULL
2145;;NULL
2146;аллея Витте;NULL
2147;Салтыковская;NULL
2148;Молдавская;NULL
2149;Ратная;NULL
2150;Бережковская наб. д 12АС2;NULL
2151;Талдомская;NULL
2152;2-й Брянский переулок;NULL
2153;4-й Стрелецкий проезд;NULL
2154;проезд Нансена;NULL
2155;Южный административный округ, микрорайон Северное Чертаново;NULL
2156;Дубосековская;NULL
2157;Ленинский проспект (дублер);NULL
2158;Суворовская;NULL
2159;3-я Новоостанкинская;NULL
2160;РџСЂРѕС„СЃРѕСЋР·РЅР°СЏ СѓР»РёС†Р°;NULL
2161;СѓР»РёС†Р° РќР°СЂРѕРґРЅРѕРіРѕ РћРїРѕР»С‡РµРЅРёСЏ;NULL
2162;Олонецкий проезд;NULL
2163;3-я  Бухвостова;NULL
2164;1-й Волоколамский проезд;NULL
2165;Воловья;NULL
2166;Воронцовский переулок;NULL
2167;Лавров переулок;NULL
2168;Кузьминская;NULL
2169;Кавказский бульвар;NULL
2170;Крюковская;NULL
2171;Чичерина;NULL
2172;Авангардная;NULL
2173;Коптевский бульвар;NULL
2174;26 Бакинских Комиссаров;NULL
2175;Большая Юшуньская;NULL
2176;Раушская набережная;NULL
2177;Театральный проезд;NULL
2178;3-й Павловский переулок;NULL
2179;1-я Муравская;NULL
2180;Лосевская;NULL
2181;Чоботовская;NULL
2182;1812-го Года;NULL
2183;Совхозная;NULL
2184;3-й Силикатный проезд;NULL
2185;Пятницкое шоссе, 6-й километр;NULL
2186;проспект 60 лет Октября;NULL
2187;1-я Крылатская;NULL
2188;Весенняя;NULL
2189;Академика Глушко;NULL
2190;Лазо;NULL
2191;Малышева;NULL
2192;Трубецкая;NULL
2193;Печатников переулок;NULL
2194;4-й Стрелецкий переулок;NULL
2195;Дмитровское шоссе в направлении мкад;NULL
2196;2-й Верхний Михайловский проезд;NULL
2197;3-я Гражданская;NULL
2198;аллея Космонавтов;NULL
2199;1-й Войковский проезд;NULL
2200;Челябинская;NULL
2201;2-й Саратовский проезд;NULL
2202;Балчуг;NULL
2203;Батайский проезд;NULL
2204;путепровод Комдива Орлова;NULL
2205;Можайское шоссе (дублер);NULL
2206;Фрязевская;NULL
2207;Самаркандский бульвар;NULL
2208;Ротерта;NULL
2209;Вучетича;NULL
2210;Орехово-Зуевский проезд;NULL
2211;Берсеневская набережная;NULL
2212;Коненкова;NULL
2213;Госпитальный переулок;NULL
2214;1-й проезд Марьиной Рощи;NULL
2215;Москворецкая;NULL
2216;Цандера;NULL
2217;3-й Дорожный проезд;NULL
2218;Малая Красносельская;NULL
2219;Родниковая;NULL
2220;Новый проезд;NULL
2221;Тамбовская;NULL
2222;Щелковский проезд;NULL
2223;Брусилова;NULL
2224;Михайлова;NULL
2225;Зельев переулок;NULL
2226;Москва,  Василисы Кожиной;NULL
2227;Москва,  Маршала Рыбалко;NULL
2228;Подольская;NULL
2229;Москва, Селезневская;NULL
2230;Первомайский проезд;NULL
2231;Малый Факельный переулок;NULL
2232;1-я Радиаторская;NULL
2233;Москва, Фрунзенская набережная;NULL
2234;Академика Янгеля;NULL
2235;Марии Поливановой;NULL
2236;2-й Войковский проезд;NULL
2237;Веневская;NULL
2238;Москва,  Кутузова;NULL
2239;Москва,  Лесная;NULL
2240;Варшавское шоссе (дублер);NULL
2241;Москва, Малая Семеновская;NULL
2242;Москва,  Маши Порываевой;NULL
2243;Шипиловский проезд;NULL
2244;Москва, Первомайская;NULL
2245;2-й Кожуховский проезд;NULL
2246;Ореховый проезд;NULL
2247;Подъемный переулок;NULL
2248;Заречная;NULL
2249;Малый Калитниковский проезд;NULL
2250;Москва, 5-я Кожуховская;NULL
2251;Москва, Малая Грузинская;NULL
2252;Москва,  Академика Анохина;NULL
2253;Москва, Поречная;NULL
2254;Москва,  Космонавтов;NULL
2255;Москва, Новолесной переулок;NULL
2256;Линейный проезд;NULL
2257;Коктебельская;NULL
2258;Москва, Измайловский проезд;NULL
2259;Москва, Осенний бульвар;NULL
2260;Москва, Казарменный переулок;NULL
2261;Москва, 3-я Красногвардейская;NULL
2262;Москва, Милютинский переулок;NULL
2263;Москва,  Ватутина;NULL
2264;Русаковская набережная;NULL
2265;Москва, 1-й Нагатинский проезд;NULL
2266;Москва, Малый Тишинский переулок;NULL
2267;Булатниковская;NULL
2268;Москва,  Новый Арбат;NULL
2269;Москва, Большой Левшинский переулок;NULL
2270;Москва, Байкальская;NULL
2271;Москва, Береговая;NULL
2272;Москва, Звенигородское шоссе;NULL
2273;Москва, Люсиновская;NULL
2274;Москва, Большая Набережная;NULL
2275;Москва,  Большая Дмитровка;NULL
2276;Веселая;NULL
2277;Москва,  Большая Якиманка;NULL
2278;Москва, Чонгарский бульвар;NULL
2279;аллея Жемчуговой;NULL
2280;Москва, площадь Победы;NULL
2281;Москва,  Малая Полянка;NULL
2282;Москва, Беговая;NULL
2283;Москва, Валовая;NULL
2284;Москва, Можайское шоссе;NULL
2285;Москва, Новоясеневский проспект;NULL
2286;Плавский проезд;NULL
2287;Москва, 3-й Самотечный переулок;NULL
2288;Москва,  Красная Пресня;NULL
2289;Москва,  Генерала Тюленева;NULL
2290;Москва,  Маршала Мерецкова;NULL
2291;Москва,  Новая Башиловка;NULL
2292;Москва, Мичуринский проспект;NULL
2293;Москва, 10-я Парковая;NULL
2294;Москва, Рубцовская набережная;NULL
2295;Москва, Ленинский проспект;NULL
2296;Москва, Кудринская площадь;NULL
2297;Москва, Трехпрудный переулок;NULL
2298;Москва, Малый Козихинский переулок;NULL
2299;Москва, Котельническая набережная;NULL
2300;Москва, Малый Калитниковский проезд;NULL
2301;Москва, Писцовая;NULL
2302;Москва, Верхняя;NULL
2303;Москва, набережная Академика Туполева;NULL
2304;Москва, Озерковская набережная;NULL
2305;Москва, Большая Грузинская;NULL
2306;Москва, Денежный переулок;NULL
2307;Москва,  1812 Года;NULL
2308;Двинцев;NULL
2309;Москва, Белореченская;NULL
2310;Москва, Мосфильмовская;NULL
2311;проезд Кирова;NULL
2312;Москва, Минская;NULL
2313;Москва,  Арбат;NULL
2314;Западный административный округ;NULL
2315;Москва, Болотниковская;NULL
2316;Левобережная;NULL
2317;Москва, Пятницкое шоссе;NULL
2318;Москва,  Крымский Вал;NULL
2319;Москва,  Гарибальди;NULL
2320;Москва,  Толбухина;NULL
2321;Москва, проспект Вернадского;NULL
2322;5-й Котельнический переулок;NULL
2323;1-й Красногвардейский проезд;NULL
2324;Уссурийская;NULL
2325;Садовое кольцо;NULL
2326;Москва,  Удальцова;NULL
2327;Москва, Большой Афанасьевский переулок;NULL
2328;Москва, Юрловский проезд;NULL
2329;Москва, 2-я Ямская;NULL
2330;Москва, Садовая-Кудринская;NULL
2331;Москва, Большой Каретный переулок;NULL
2332;микрорайон Северное Чертаново, Южный административный округ;NULL
2333;Москва,  Строителей;NULL
2334;Девятая Рота;NULL
2335;Волховский переулок;NULL
2336;Москва, Гагаринский переулок;NULL
2337;Москва, Крутицкая набережная;NULL
2338;Москва, Карамышевская набережная;NULL
2339;Москва,  Малая Дмитровка;NULL
2340;Москва,  Куусинена;NULL
2341;Москва, Крылатская;NULL
2342;Москва, 5-й Котельнический переулок;NULL
2343;2-я Дубровская;NULL
2344;Остафьевская;NULL
2345;Москва, 1-я Миусская;NULL
2346;Москва,  Крылатские Холмы;NULL
2347;Москва, Донская;NULL
2348;Москва, 4-й Красносельский переулок;NULL
2349;Москва, Смоленская набережная;NULL
2350;Москва, 2-й Колобовский переулок;NULL
2351;Москва, Большая Серпуховская;NULL
2352;Сормовская;NULL
2353;Москва, Авиационная;NULL
2354;Москва, Смоленская-Сенная площадь;NULL
2355;Москва, Ленинградский проспект;NULL
2356;Москва, Пресненский переулок;NULL
2357;1-й Щемиловский переулок;NULL
2358;Москва,  Гиляровского;NULL
2359;Москва,  1905 Года;NULL
2360;Москва, Петровско-Разумовская аллея;NULL
2361;Москва, Садовая-Черногрязская;NULL
2362;Головинское шоссе;NULL
2363;проезд Гончарный;NULL
2364;Москва, Тверская;NULL
2365;Москва, Сельскохозяйственная;NULL
2366;Москва, Малый Патриарший переулок;NULL
2367;Москва, Давыдковская;NULL
2368;Москва, Новинский бульвар;NULL
2369;Москва, Хорошевское шоссе;NULL
2370;Москва,  Академика Понтрягина;NULL
2371;Москва,  Новинки;NULL
2372;Москва, Новочеремушкинская;NULL
2373;Москва, Профсоюзная;NULL
2374;Северодвинская;NULL
2375;Москва, Беломорская;NULL
2376;Радужная;NULL
2377;Москва,  Марии Ульяновой;NULL
2378;Зеленоградский административный округ;NULL
2379;Москва, переулок Сивцев Вражек;NULL
2380;Москва,  26 Бакинских Комиссаров;NULL
2381;Москва, Ленинградское шоссе;NULL
2382;Малая Юшуньская;NULL
2383;Москва, Восточная;NULL
2384;1-й Ботанический проезд;NULL
2385;Москва, Молодогвардейская;NULL
2386;Москва, Руновский переулок;NULL
2387;Москва,  Раменки;NULL
2388;Курская;NULL
2389;Москва,  Расковой;NULL
2390;Москва, Украинский бульвар;NULL
2391;Москва, 2-я  Марьиной Рощи;NULL
2392;2-я Рыбинская;NULL
2393;Южнопортовая;NULL
2394;Москва, Перуновский переулок;NULL
2395;Тенистый проезд;NULL
2396;Москва, Зоологическая;NULL
2397;Москва,  Ленинская Слобода;NULL
2398;Сталеваров;NULL
2399;Москва,  Островитянова;NULL
2400;Москва,  Климашкина;NULL
2401;Москва, Новая Басманная;NULL
2402;Москва,  Саляма Адиля;NULL
2403;Москва, Малый Власьевский переулок;NULL
2404;Марьинский бульвар;NULL
2405;Николоямской тупик;NULL
2406;Арбатская площадь;NULL
2407;Илимская;NULL
2408;3-й Новоподмосковный переулок;NULL
2409;4-й Крутицкий переулок;NULL
2410;Москва, 2-й Павловский переулок;NULL
2411;Москва, Долгоруковская;NULL
2412;Москва, Луков переулок;NULL
2413;Москва, Спасская;NULL
2414;площадь Абельмановская Застава;NULL
2415;Соловьиная;NULL
2416;Москва, Большая Дорогомиловская;NULL
2417;Москва, Большая Черемушкинская;NULL
2418;Москва,  Олеко Дундича;NULL
2419;Москва, 1-я Дубровская;NULL
2420;Будайский проезд;NULL
2421;Москва, Сосновая;NULL
2422;Москва, Глинистый переулок;NULL
2423;Москва, Егерская;NULL
2424;Москва, Ломоносовский проспект;NULL
2425;район Чертаново Северное, микрорайон Северное Чертаново;NULL
2426;Москва, Кавказский бульвар;NULL
2427;Москва, Флотская;NULL
2428;3-й Красносельский переулок;NULL
2429;Коцюбинского;NULL
2430;Москва, микрорайон Северное Чертаново;NULL
2431;Москва, Спиридоньевский переулок;NULL
2432;Москва, Малый Каковинский переулок;NULL
2433;Москва, Большая Татарская;NULL
2434;Улица Летчика Грицевца;NULL
2435;1-й Нижний Михайловский проезд;NULL
2436;Москва, Нежинская;NULL
2437;Москва, Пожарский переулок;NULL
2438;Москва, Слесарный переулок;NULL
2439;Донская площадь;NULL
2440;Москва,  Серафимовича;NULL
2441;Москва, Нахимовский проспект;NULL
2442;Москва,  Крупской;NULL
2443;Москва, проспект Маршала Жукова;NULL
2444;Москва,  Маршала Соколовского;NULL
2445;Москва, Николоямский переулок;NULL
2446;2-я  Бебеля;NULL
2447;Москва, Рабочая;NULL
2448;Москва, проспект Мира;NULL
2449;Долгова;NULL
2450;Москва, бульвар Дмитрия Донского;NULL
2451;Москва, 1-я Фрунзенская;NULL
2452;Москва, Садовая-Самотечная;NULL
2453;Москва, Новокузнецкая;NULL
2454;Москва, Малая Набережная;NULL
2455;Москва, Малый Харитоньевский переулок;NULL
2456;Москва, Брюсов переулок;NULL
2457;Москва,  Лефортовский Вал;NULL
2458;Москва,  Введенского;NULL
2459;Москва, Варшавское шоссе;NULL
2460;Москва, 2-я  Бебеля;NULL
2461;Москва,  Коштоянца;NULL
2462;Моршанская;NULL
2463;Ставропольский проезд;NULL
2464;Матросская Тишина;NULL
2465;Москва, Краснопресненская набережная;NULL
2466;Москва, Ярцевская;NULL
2467;Москва, Померанцев переулок;NULL
2468;Москва, Скатертный переулок;NULL
2469;Москва,  Покрышкина;NULL
2470;Москва, 1-й Колобовский переулок;NULL
2471;Москва, Есенинский бульвар;NULL
2472;Серпуховская площадь;NULL
2473;Москва, 2-я Брестская;NULL
2474;Москва, Сколковское шоссе;NULL
2475;Москва,  Цюрупы;NULL
2476;Москва,  Дмитрия Ульянова;NULL
2477;Москва,  Гризодубовой;NULL
2478;Университетская площадь;NULL
2479;Москва,  Миклухо-Маклая;NULL
2480;Москва, Домодедовская;NULL
2481;Москва, Гончарная;NULL
2482;Москва, Ходынская;NULL
2483;Комсомольская площадь;NULL
2484;Москва, Южнопортовая;NULL
2485;Москва,  Вавилова;NULL
2486;Москва,  Вучетича;NULL
2487;Москва, Дмитровское шоссе;NULL
2488;Расторгуевский переулок;NULL
2489;Лечебная;NULL
2490;Москва,  Лобачевского;NULL
2491;Москва, Левобережная;NULL
2492;Москва, 1-я Муравская;NULL
2493;4-й Рощинский проезд;NULL
2494;Москва, Краснопролетарская;NULL
2495;Путевой проезд;NULL
2496;Москва, Петровский переулок;NULL
2497;Москва, Перекопская;NULL
2498;Москва, Братиславская;NULL
2499;Москва, Гончарный проезд;NULL
2500;Москва, Малая Бронная;NULL
2501;Москва, Волоколамское шоссе;NULL
2502;Москва, Кривоарбатский переулок;NULL
2503;Москва,  Сальвадора Альенде;NULL
2504;Москва, Скобелевская;NULL
2505;Путейский тупик;NULL
2506;Москва,  Костякова;NULL
2507;Москва,  Машкова;NULL
2508;Москва, Яузская;NULL
2509;Малая Андроньевская;NULL
2510;Москва,  Бочкова;NULL
2511;Москва,  Васильцовский Стан;NULL
2512;Москва, бульвар Маршала Рокоссовского;NULL
2513;Москва, Космодамианская набережная;NULL
2514;Москва, Потешная;NULL
2515;Москва, Студенецкий переулок;NULL
2516;Москва, Шелепихинское шоссе;NULL
2517;Москва, Ясеневая;NULL
2518;4-я  8 Марта;NULL
2519;Москва,  Черняховского;NULL
2520;Москва, 1-я  Машиностроения;NULL
2521;Москва, Производственная;NULL
2522;Москва, Радужная;NULL
2523;Красногвардейский район,  Академика Янгеля;NULL
2524;Новая Дорога;NULL
2525;Новотушинский проезд;NULL
2526;Полбина;NULL
2527;Рязанский проспект (дублер);NULL
2528;Москва,  Бориса Жигуленкова;NULL
2529;Москва, Миллионная;NULL
2530;Москва, Ореховый проезд;NULL
2531;Москва, Осенняя;NULL
2532;Танковый проезд;NULL
2533;Москва,  Пресненский Вал;NULL
2534;Москва, Дубининская;NULL
2535;Москва, Верхняя Красносельская;NULL
2536;Москва,  Ивана Бабушкина;NULL
2537;Москва, Большой Головин переулок;NULL
2538;1-й Новотихвинский переулок;NULL
2539;Москва, Большой Харитоньевский переулок;NULL
2540;Москва, Пятницкая;NULL
2541;Москва, Окская;NULL
2542;проспект Мира (дублер);NULL
2543;Москва,  Большая Ордынка;NULL
2544;Москва, Комсомольский проспект;NULL
2545;Москва, Русаковская;NULL
2546;Москва,  Лестева;NULL
2547;Старая площадь;NULL
2548;Панкратьевский переулок;NULL
2549;Москва,  Каховка;NULL
2550;Москва,  Земляной Вал;NULL
2551;Москва, Звенигородская;NULL
2552;Москва, Симферопольский бульвар;NULL
2553;проезд Досфлота;NULL
2554;Москва, Таганская;NULL
2555;Москва, Сокольническая площадь;NULL
2556;Москва,  Винокурова;NULL
2557;Москва,  Адмирала Макарова;NULL
2558;Москва, Стройковская;NULL
2559;Москва,  Чаплыгина;NULL
2560;Москва,  Плющиха;NULL
2561;Москва, Борисовский проезд;NULL
2562;Москва, Борисовская;NULL
2563;Астрадамская;NULL
2564;Москва,  Кедрова;NULL
2565;Москва, Козицкий переулок;NULL
2566;Чукотский проезд;NULL
2567;Москва,  Казакова;NULL
2568;Кустанайская;NULL
2569;Москва, Тихвинская;NULL
2570;1-й Вешняковский проезд;NULL
2571;3-й Новомихалковский проезд;NULL
2572;5-й квартал Капотни;NULL
2573;Большая Калитниковская;NULL
2574;Москва, Николоямская;NULL
2575;Базовская;NULL
2576;Москва, Угловой переулок;NULL
2577;Москва,  Теплый Стан;NULL
2578;Москва, Кантемировская;NULL
2579;Москва, Химкинский бульвар;NULL
2580;Шумилова;NULL
2581;Москва,  Наметкина;NULL
2582;Москва, Лаврушинский переулок;NULL
2583;Москва, Садовническая набережная;NULL
2584;Лескова;NULL
2585;Москва, Криворожская;NULL
2586;Москва, Погонный проезд;NULL
2587;Москва, Нелидовская;NULL
2588;Москва,  Пырьева;NULL
2589;3-я Рощинская;NULL
2590;Москва, Несвижский переулок;NULL
2591;Москва, Люблинская;NULL
2592;Москва,  Герасима Курина;NULL
2593;Москва,  Генерала Глаголева;NULL
2594;Москва, Тихая;NULL
2595;Москва,  Академика Опарина;NULL
2596;Москва, Алтуфьевское шоссе;NULL
2597;Москва, Вспольный переулок;NULL
2598;Москва,  Авиаконструктора Микояна;NULL
2599;Авиаконструктора Петлякова;NULL
2600;Москва, Пресненская набережная;NULL
2601;Москва, Кастанаевская;NULL
2602;Москва, Новохорошевский проезд;NULL
2603;Москва, Уланский переулок;NULL
2604;Москва, Ходынский бульвар;NULL
2605;Москва,  Мусы Джалиля;NULL
2606;Москва, Рузская;NULL
2607;Москва,  Генерала Ермолова;NULL
2608;Москва, Садовническая;NULL
2609;Москва, Бутырская;NULL
2610;Кошкина;NULL
2611;Москва, 6-й Новоподмосковный переулок;NULL
2612;Москва, Студенческая;NULL
2613;Ташкентский переулок;NULL
2614;Москва, Зеленодольская;NULL
2615;Москва, Малый Козловский переулок;NULL
2616;Москва,  Шумкина;NULL
2617;Москва, Большой Ржевский переулок;NULL
2618;Москва, Калашный переулок;NULL
2619;Москва,  Главмосстроя;NULL
2620;Москва, Старомонетный переулок;NULL
2621;Москва, Малая Филевская;NULL
2622;Москва,  Спиридоновка;NULL
2623;Москва, Кировоградская;NULL
2624;Москва,  Перерва;NULL
2625;Москва, Пречистенский переулок;NULL
2626;Нагатинский бульвар;NULL
2627;Москва,  Раевского;NULL
2628;Москва, Матвеевская;NULL
2629;Москва, Трифоновская;NULL
2630;Москва,  Грузинский Вал;NULL
2631;Москва, Ружейный переулок;NULL
2632;Москва,  Милашенкова;NULL
2633;Москва, Чистопрудный бульвар;NULL
2634;Москва,  Павла Корчагина;NULL
2635;Москва, Кутузовский проспект;NULL
2636;Москва, Велозаводская;NULL
2637;Москва, Староконюшенный переулок;NULL
2638;Москва, Ботаническая;NULL
2639;переулок Чернышевского;NULL
2640;Москва, Кольская;NULL
2641;Москва, Бутиковский переулок;NULL
2642;Москва, Волочаевская;NULL
2643;Москва,  Зои и Александра Космодемьянских;NULL
2644;Москва,  Академика Пилюгина;NULL
2645;Москва, Большая Никитская;NULL
2646;Проектируемый проезд № 5464;NULL
2647;Москва,  Бажова;NULL
2648;Москва, Кривоколенный переулок;NULL
2649;Москва, Малый Левшинский переулок;NULL
2650;Москва, Шереметьевская;NULL
2651;Москва,  Генерала Белобородова;NULL
2652;8-го Марта;NULL
2653;Москва, Воротниковский переулок;NULL
2654;Москва, Большой Козихинский переулок;NULL
2655;Москва, проезд Шокальского;NULL
2656;Генерала Дорохова;NULL
2657;Москва, Мещанская;NULL
2658;Москва, 3-й Дорожный проезд;NULL
2659;Москва,  Шверника;NULL
2660;Электрозаводская;NULL
2661;2-я Новоостанкинская ул.;NULL
2662;Москва, Веерная;NULL
2663;3-я Гражданская ул.;NULL
2664;Москва, 1-я Тверская-Ямская;NULL
2665;Дачная;NULL
2666;Медынская;NULL
2667;3-я Хорошевская;NULL
2668;Москва, Инженерная;NULL
2669;шоссе Энтузиастов (дублер) (стр.);NULL
2670;Москва, Смоленский бульвар;NULL
2671;Москва,  Столетова;NULL
2672;проезд Шломина;NULL
2673;Москва, Новочеркасский бульвар;NULL
2674;Москва,  Павла Андреева;NULL
2675;Москва, Коломенский проезд;NULL
2676;Москва, Староалексеевская;NULL
2677;2-й Митинский переулок;NULL
2678;Москва, Рублевское шоссе;NULL
2679;Москва,  Усиевича;NULL
2680;Москва, Кутузовский проезд;NULL
2681;Москва, Маломосковская;NULL
2682;Москва, 2-я Миусская;NULL
2683;Москва, 2-я Черногрязская;NULL
2684;Москва, Просторная;NULL
2685;Москва, Дербеневская набережная;NULL
2686;Москва, 4-я Тверская-Ямская;NULL
2687;Москва, Молодежная;NULL
2688;Москва, Коровинский проезд;NULL
2689;Москва,  Сайкина;NULL
2690;Москва, Мансуровский переулок;NULL
2691;Москва,  Красина;NULL
2692;Москва, Ростовская набережная;NULL
2693;Новоданиловский проезд;NULL
2694;Москва,  Пудовкина;NULL
2695;1-я Магистральная;NULL
2696;Москва, Оболенский переулок;NULL
2697;район Капотня, 5-й квартал Капотни;NULL
2698;Москва, Автозаводская;NULL
2699;Маршала Чуйкова;NULL
2700;Серегина;NULL
2701;Москва, Пенягинская;NULL
2702;Москва,  Свободы;NULL
2703;Москва, Молочный переулок;NULL
2704;Осипенко;NULL
2705;Москва, Носовихинское шоссе;NULL
2706;9-я Северная линия;NULL
2707;Москва, Тверской бульвар;NULL
2708;Москва,  Большая Полянка;NULL
2709;Москва, Большой Девятинский переулок;NULL
2710;Москва, Чистый переулок;NULL
2711;Москва, Народная;NULL
2712;Зубарев переулок;NULL
2713;Москва, Муравская;NULL
2714;Широкий проезд;NULL
2715;Москва,  Верхняя Масловка;NULL
2716;Москва, 1-й Рижский переулок;NULL
2717;Москва,  Фабрициуса;NULL
2718;Москва, Плотников переулок;NULL
2719;Москва, Фурманный переулок;NULL
2720;Москва, Южнобутовская;NULL
2721;Москва, Докучаев переулок;NULL
2722;Минусинская;NULL
2723;Москва, Жигулевская;NULL
2724;Москва, Даниловская набережная;NULL
2725;Бибиревская;NULL
2726;Москва,  Юных Ленинцев;NULL
2727;Москва,  Поляны;NULL
2728;Александры Монаховой;NULL
2729;Фомичевой;NULL
2730;Москва,  Новаторов;NULL
2731;Варшавская эстакада;NULL
2732;Джанкойская;NULL
2733;Москва, Инициативная;NULL
2734;Москва, Новослободская;NULL
2735;Москва,  Малые Каменщики;NULL
2736;Москва, Кожевническая;NULL
2737;Москва,  Анатолия Живова;NULL
2738;Москва,  Архитектора Власова;NULL
2739;Москва, Литовский бульвар;NULL
2740;путепровод Ивана Франко;NULL
2741;Машкинское шоссе;NULL
2742;Москва,  Дыбенко;NULL
2743;Москва, Большой Гнездниковский переулок;NULL
2744;Москва, Старопименовский переулок;NULL
2745;Москва,  Академика Петровского;NULL
2746;Москва,  Панфилова;NULL
2747;Центральная;NULL
2748;Юрьевский переулок;NULL
2749;Москва,  26-ти Бакинских Комиссаров;NULL
2750;Москва, Большая Академическая;NULL
2751;Москва, 2-й Хвостов переулок;NULL
2752;Москва, 1-я Брестская;NULL
2753;Москва,  Полины Осипенко;NULL
2754;Москва,  Маршала Тимошенко;NULL
2755;Москва, Никитский бульвар;NULL
2756;Москва, Игарский проезд;NULL
2757;Югорский проезд;NULL
2758;Москва,  Зорге;NULL
2759;Москва,  Грина;NULL
2760;Москва,  Верхние Поля;NULL
2761;Москва, Конюшковская;NULL
2762;Земляничная;NULL
2763;Москва, 9-я Парковая;NULL
2764;Москва, Карманицкий переулок;NULL
2765;Москва, Марксистская;NULL
2766;Троицкая площадь;NULL
2767;Москва,  Дружбы;NULL
2768;Москва, 7-й Ростовский переулок;NULL
2769;Москва, Лазаревский переулок;NULL
2770;Москва, Солдатская;NULL
2771;Москва, Лермонтовский проспект;NULL
2772;район Чертаново Северное;NULL
2773;Москва, Киевская;NULL
2774;Москва, Щукинская;NULL
2775;Москва, Шмитовский проезд;NULL
2776;Москва,  Степана Супруна;NULL
2777;Москва,  Шаболовка;NULL
2778;Москва, проезд Соломенной Сторожки;NULL
2779;Москва, Рязанский проспект;NULL
2780;Москва, Каланчевская;NULL
2781;ул. Лесная;NULL
2782;Москва, Знаменская;NULL
2783;Москва, Столярный переулок;NULL
2784;Москва, Большая Остроумовская;NULL
2785;Москва, Большой Строченовский переулок;NULL
2786;Москва, Вишняковский переулок;NULL
2787;Москва, Нижняя Красносельская;NULL
2788;Петроверигский переулок;NULL
2789;Пятницкое шоссе (дублер);NULL
2790;Москва,  Покровка;NULL
2791;проспект Вернадского (дублер);NULL
2792;Москва, переулок Каменная Слобода;NULL
2793;Москва, Щелковское шоссе;NULL
2794;Москва, Кронштадтский бульвар;NULL
2795;Москва, Верхняя Первомайская;NULL
2796;Москва, Краснодонская;NULL
2797;Москва, Средний Тишинский переулок;NULL
2798;Москва, Стромынский переулок;NULL
2799;Москва, Тихвинский переулок;NULL
2800;Жуков проезд;NULL
2801;5-й Очаковский переулок;NULL
2802;Москва, Большая Пироговская;NULL
2803;Москва, 2-я Тверская-Ямская;NULL
2804;Москва, Петрозаводская;NULL
2805;Академика Скрябина;NULL
2806;Москва, Климентовский переулок;NULL
2807;Москва, 2-й Крестовский переулок;NULL
2808;Москва, Мирской переулок;NULL
2809;Москва, 11-я Парковая;NULL
2810;1-я  8-го Марта;NULL
2811;Гродненская;NULL
2812;Москва, Духовской переулок;NULL
2813;Москва, Проточный переулок;NULL
2814;Москва,  Бахрушина;NULL
2815;Москва, Малая Тульская;NULL
2816;Москва,  Академика Павлова;NULL
2817;Москва, Южный административный округ, микрорайон Северное Чертаново;NULL
2818;Москва, Саввинская набережная;NULL
2819;Москва, Трубецкая;NULL
2820;Москва, Ананьевский переулок;NULL
2821;Москва, Сосинская;NULL
2822;Летчика Ульянина;NULL
2823;Суворовская площадь;NULL
2824;Окружная;NULL
2825;Москва,  Генерала Кузнецова;NULL
2826;Москва, Овчинниковская набережная;NULL
2827;Ленинградское шоссе (M10, E95);NULL
2828;Москва, Жулебинский бульвар;NULL
2829;Городецкая;NULL
2830;Сосинская;NULL
2831;Москва, 9-я  Соколиной Горы;NULL
2832;Новоспасский проезд;NULL
2833;2-й Крутицкий переулок;NULL
2834;Москва, Чапаевский переулок;NULL
2835;Василия Петушкова;NULL
2836;Набережная;NULL
2837;Москва, 3-й Крутицкий переулок;NULL
2838;3-я  Марьиной Рощи;NULL
2839;Москва,  Костикова;NULL
2840;Молодцова;NULL
2841;Вишневая;NULL
2842;Пушкинская набережная;NULL
2843;Москва, Новопесчаная;NULL
2844;Москва, Ставропольская;NULL
2845;Москва,  Маршала Катукова;NULL
2846;Москва,  Шкулева;NULL
2847;Москва, Скаковая аллея;NULL
2848;Москва, Колымажный переулок;NULL
2849;Москва,  Улофа Пальме;NULL
2850;Москва, Страстной бульвар;NULL
2851;Москва, Перовская;NULL
2852;Москва, Беговая аллея;NULL
2853;1-й  Новокузнецкий переулок;NULL
2854;Москва, Гродненская;NULL
2855;Москва,  Петровка;NULL
2856;площадь Московско-Минской Дивизии;NULL
2857;Москва, Кочновский проезд;NULL
2858;Москва, Смоленская;NULL
2859;Москва, Ольховская;NULL
2860;Москва, Вольная;NULL
2861;Киевский район, Фруктовая;NULL
2862;Рязанский переулок;NULL
2863;Москва, 2-й Самотечный переулок;NULL
2864;Москва, Васильевская;NULL
2865;микрорайон Солнцево-Парк,  Летчика Грицевца;NULL
2866;Москва, Электрозаводская;NULL
2867;Малый Дровяной переулок;NULL
2868;16-я Парковая;NULL
2869;Центросоюзный переулок;NULL
2870;Москва, Зубовский бульвар;NULL
2871;Селигерская;NULL
2872;Сторожевая;NULL
2873;переулок Маяковского;NULL
2874;Муромская;NULL
2875;Москва,  Фадеева;NULL
2876;Дзержинский район,  Миклухо-Маклая;NULL
2877;Москва, Большой Казенный переулок;NULL
2878;Новая Переведеновская;NULL
2879;Челобитьевское шоссе;NULL
2880;Москва, Новоалексеевская;NULL
2881;Горловский проезд;NULL
2882;Брошевский переулок;NULL
2883;Покровская;NULL
2884;Москва,  Шухова;NULL
2885;Москва, Новолесная;NULL
2886;Москва, Нововаганьковский переулок;NULL
2887;Москва, Университетский проспект;NULL
2888;Москва, Дружинниковская;NULL
2889;Москва, Покровский бульвар;NULL
2890;Москва, Гоголевский бульвар;NULL
2891;Москва, Ленинградский проспект (дублер);NULL
2892;Москва, Пестовский переулок;NULL
2893;Капельский переулок;NULL
2894;2-я Радиальная;NULL
2895;Высотный проезд;NULL
2896;Москва,  Истринская;NULL
2897;Москва, проезд Донелайтиса;NULL
2898;Москва, проспект 60 лет Октября;NULL
2899;Москва, Ермолаевский переулок;NULL
2900;Москва, 13-я Парковая;NULL
2901;Москва,  Долгова;NULL
2902;Москва, Сытинский тупик;NULL
2903;Богунский район, Восточная;NULL
2904;Москва,  Люсиновская;NULL
2905;Москва, Новороссийская;NULL
2906;Москва, Октябрьская;NULL
2907;Электродная;NULL
2908;Москва, Трубниковский переулок;NULL
2909;Москва,  Марьинский Парк;NULL
2910;Москва, Бережковская набережная;NULL
2911;Москва, Нагорная;NULL
2912;Москва, Кременчугская;NULL
2913;Янтарный проезд;NULL
2914;МКАД, 1-й километр;NULL
2915;Москва, Последний переулок;NULL
2916;Москва,  Лескова;NULL
2917;Шоссейная;NULL
2918;Самуила Маршака;NULL
2919;Москва, Угрешская;NULL
2920;Москва, Большая Бронная;NULL
2921;Ивана Сусанина;NULL
2922;Москва, 2-я Фрунзенская;NULL
2923;Москва, проспект Андропова;NULL
2924;Вострухина;NULL
2925;Москва, Строгинский бульвар;NULL
2926;Москва, набережная Тараса Шевченко;NULL
2927;Москва, Изюмская;NULL
2928;Москва, Митинская;NULL
2929;Москва,  Фонвизина;NULL
2930;Москва, шоссе Энтузиастов;NULL
2931;Москва,  Борисовские Пруды;NULL
2932;Речников;NULL
2933;Москва,  Александра Солженицына;NULL
2934;Москва,  Панферова;NULL
2935;Москва, Тепличный переулок;NULL
2936;Москва,  Викторенко;NULL
2937;проезд Карамзина;NULL
2938;Москва, 2-я Филевская;NULL
2939;6-й Можайский переулок;NULL
2940;Ильинка;NULL
2941;Москва,  Академика Арцимовича;NULL
2942;Москва, Волжский бульвар;NULL
2943;Москва, Мироновская;NULL
2944;Москва,  Рогова;NULL
2945;Москва,  Кравченко;NULL
2946;Москва, Тишинская площадь;NULL
2947;Лефортовский переулок;NULL
2948;Угрешская;NULL
2949;Причальный проезд;NULL
2950;проезд Якушкина;NULL
2951;Волгоградский проспект (дублер);NULL
2952;Дегунинский проезд;NULL
2953;Москва, Мантулинская;NULL
2954;Москва,  Вересаева;NULL
2955;Москва, Большая Почтовая;NULL
2956;Москва, Истринская;NULL
2957;Москва, Грохольский переулок;NULL
2958;Москва,  Твардовского;NULL
2959;Москва, Большой Саввинский переулок;NULL
2960;Москва, Краснопрудная;NULL
2961;Москва, Ивантеевская;NULL
2962;Москва, Таллинская;NULL
2963;Москва, Никулинская;NULL
2964;Москва, Кооперативная;NULL
2965;2-я Кабельная;NULL
2966;Таганский район, 1-й округ - Таганка;NULL
2967;площадь Академика Петрова;NULL
2968;2-й Смоленский переулок;NULL
2969;Куликовская;NULL
2970;Садовая;NULL
2971;Бескудниковский проезд;NULL
2972;Норильская;NULL
2973;Россия,   Миклухо-Маклая;NULL
2974;Инессы Арманд;NULL
2975;Олонецкая;NULL
2976;1-й Грайвороновский проезд;NULL
2977;Мариупольская;NULL
2978;12-я Новокузьминская;NULL
2979;Берингов проезд;NULL
2980;Якорная;NULL
2981;Монтажная;NULL
2982;1-й микрорайон Куркино;NULL
2983;Большой Купавенский проезд;NULL
2984;Захарьинские Дворики;NULL
2985;Учинская;NULL
2986;Мещерякова;NULL
2987;Генерала Рычагова;NULL
2988;Щорса;NULL
2989;Игральная;NULL
2990;Прудовой проезд;NULL
2991;50 лет Октября;NULL
2992;Дудинка;NULL
2993;Уваровский переулок;NULL
2994;Староспасская;NULL
2995;Задонский проезд;NULL
2996;микрорайон Солнцево-Парк,  Авиаконструктора Петлякова;NULL
2997;Менделеевская;NULL
2998;Мартеновская;NULL
2999;Чугунные Ворота;NULL
3000;Московский проспект;NULL
3001;1-я  8 Марта;NULL
3002;Абрамцевская просека;NULL
3003;2-й Лихачевский переулок;NULL
3004;Тимуровская;NULL
3005;Солнечная;NULL
3006;Харьковский проезд;NULL
3007;Николая Старостина;NULL
3008;Паперника;NULL
3009;Юго-Западный административный округ;NULL
3010;Малиновский район,  Адмирала Лазарева;NULL
3011;район Куркино;NULL
3012;16-й микрорайон Куркино;NULL
3013;Очаковское шоссе;NULL
3014;Волоцкой переулок;NULL
3015;1-й Тихвинский тупик;NULL
3016;Федоскинская;NULL
3017;Бориса Пастернака;NULL
3018;Боровский проезд;NULL
3019;4-й Новомихалковский проезд;NULL
3020;2-й Тушинский проезд;NULL
3021;Паромная;NULL
3022;Басовская;NULL
3023;Спортивная;NULL
3024;Мастеровая;NULL
3025;Красина переулок;NULL
3026;Лыщиков переулок;NULL
3027;Мастеровая;NULL
3028;Хлебников переулок;NULL
3029;Брюллова;NULL
3030;6-й проезд Марьиной Рощи;NULL
3031;Лихоборские Бугры;NULL
3032;Егора Абакумова;NULL
3033;Новощукинская;NULL
3034;Малиновая;NULL
3035;Гольяновская;NULL
3036;Головачева;NULL
3037;Елецкая;NULL
3038;проспект 40 Лет Октября;NULL
3039;Ивовая;NULL
3040;1-я Бородинская;NULL
3041;Константина Федина;NULL
3042;Лухмановская;NULL
3043;Киевский район, Песчаный переулок;NULL
3044;Луховицкая;NULL
3045;Ярославское шоссе (дублер);NULL
3046;3-й проезд Перова Поля;NULL
3047;Площадь Покровские Ворота;NULL
